game_id,rated,speed,time_control,increment,white_user,black_user,white_rating,black_rating,winner,status,opening_name,opening_eco,opening_ply,moves,num_moves,clocks
zUxV8GLr,True,bullet,60,0,DrNykterstein,indianstar,3268,3099,white,resign,"King's Indian Defense: Orthodox Variation, Positional Defense, Closed Line",E94,15,d4 Nf6 c4 g6 Nc3 Bg7 e4 O-O Nf3 d6 Be2 Nbd7 O-O e5 d5 a5 Be3 Ng4 Bg5 f6 Bd2 Nc5 a3 a4 h3 Nh6 Be3 Bd7 Bxc5 dxc5 d6 c6 Nxa4 b6 b4 cxb4 axb4 c5 Qd5+ Kh8 Nxb6 Rxa1 Rxa1 Qxb6 bxc5 Qb2 Ra7 Qxe2 Rxd7 f5 Rxg7 Kxg7 Qxe5+ Kg8 Qd5+ Kg7 e5 Nf7 e6 Nh6 c6 Ng8 c7 Nf6 Qe5 Qxc4 d7,67,"[6003, 6003, 5987, 5963, 5987, 5955, 5891, 5955, 5843, 5923, 5835, 5867, 5835, 5859, 5779, 5667, 5643, 5619, 5595, 5579, 5547, 5507, 4707, 5411, 4659, 5299, 4659, 5251, 4515, 5251, 4515, 4907, 4419, 4843, 4315, 4635, 4315, 4571, 3931, 4443, 3795, 4235, 3795, 4163, 3795, 4003, 3715, 3587, 3587, 3467, 3475, 3315, 3411, 3267, 3355, 3187, 3355, 2939, 3235, 2707, 3115, 2595, 3003, 2555, 2739, 2243, 2625, 1123]"
UEHX6oFD,True,bullet,60,0,indianstar,DrNykterstein,3097,3275,,draw,King's Indian Attack: Symmetrical Defense,A05,4,Nf3 Nf6 g3 g6 Bg2 Bg7 O-O O-O Re1 d5 d3 c5 Nbd2 Nc6 e4 e5 exd5 Nxd5 Nc4 Re8 Ng5 Nb6 Ne4 Nxc4 dxc4 Qe7 Qd5 Nd4 Bg5 Qe6 Nxc5 Qxd5 Bxd5 Nxc2 Nxb7 Be6 Nd6 Bxd5 Nxe8 Nxe1 Rxe1 Bxc4 Nxg7 Kxg7 Rxe5 Bxa2 Re7 a5 Be3 Kf6 Rc7 a4 Bd4+ Ke6 Bc3 Rd8 Kg2 Rd3 Ra7 Bd5+ Kh3 Rf3 Ra6+ Ke7 Ra7+ Kd6 Ra6+ Bc6 Bd4 Rd3 Bc3 Kc5 Kg4 h5+ Kg5 Rf3 Ra5+ Kc4 Ra6 Bb5 Rf6 Rxc3 bxc3 a3 Rxf7 Ba4 Rb7 Kxc3 Rb1 Bc2 Ra1 Kb2 Rxa3 Kxa3 h3 Kb4 g4 hxg4 hxg4 Kc5 f4 Kd6 f5 gxf5 gxf5 Bxf5,106,"[6003, 6003, 6003, 5995, 5971, 5995, 5971, 5995, 5923, 5995, 5859, 5955, 5859, 5875, 5859, 5875, 5803, 5875, 5803, 5779, 5739, 5531, 5587, 5323, 5587, 4899, 5499, 4731, 5419, 4547, 5107, 4411, 5107, 4411, 4907, 4051, 4707, 3763, 4635, 3491, 4395, 3339, 4315, 3339, 4267, 3251, 4107, 3139, 3963, 3051, 3707, 2979, 3675, 2891, 3531, 2739, 3371, 2611, 3291, 2435, 3219, 2211, 2819, 2155, 2659, 2107, 2579, 2075, 2099, 1987, 2035, 1835, 1955, 1699, 1843, 1699, 1387, 1627, 1299, 1547, 1299, 1291, 1219, 1291, 1051, 1075, 733, 783, 692, 764, 652, 764, 566, 764, 451, 764, 412, 713, 412, 710, 404, 678, 404, 657, 404, 643]"
JrfNbeoz,True,bullet,60,0,DrNykterstein,indianstar,3266,3100,white,resign,Nimzowitsch Defense,B00,2,e4 Nc6 Nc3 d6 d4 Nf6 f4 e5 dxe5 dxe5 Qxd8+ Nxd8 fxe5 Ng4 Nf3 Bb4 Bd2 Nc6 a3 Ba5 Nd5 Bb6 Nxb6 axb6 Bc3 Be6 Bd3 O-O-O h3 Ne3 Kf2 Nc4 b3 N4a5 Rhd1 Rd7 Ke3 Rhd8 Be2 Kb8 Rxd7 Rxd7 Ng5 Re7 Nxe6 Rxe6 b4,47,"[6003, 6003, 6003, 5955, 5915, 5955, 5835, 5795, 5827, 5795, 5771, 5787, 5683, 5483, 5571, 5219, 5475, 5067, 5363, 4883, 5051, 4811, 4827, 4811, 4819, 4523, 4699, 4395, 4579, 4347, 4459, 4139, 4403, 3979, 4371, 3891, 4299, 3811, 4259, 3667, 4139, 3547, 4083, 3339, 3947, 3275, 3824, 3203]"
fMIf8O0H,True,bullet,60,0,indianstar,DrNykterstein,3103,3256,black,resign,Zukertort Opening: Kingside Fianchetto,A04,2,Nf3 g6 g3 Bg7 Bg2 Nf6 O-O O-O Re1 c5 e4 Nc6 c3 d6 d4 cxd4 cxd4 Bg4 Nc3 Qb6 d5 Ne5 Rb1 Rac8 Be3 Qa6 Bd4 Nfd7 Ne2 Nxf3+,30,"[6003, 6003, 6003, 6003, 5987, 5979, 5987, 5955, 5963, 5955, 5931, 5931, 5931, 5907, 5931, 5867, 5931, 5843, 5899, 5747, 5587, 5651, 5539, 5507, 5443, 5475, 5387, 5355, 5075, 5140, 4990]"
qqcAlGZe,True,bullet,60,0,DrNykterstein,indianstar,3246,3107,white,resign,Hungarian Opening,A00,1,g3 Nc6 Bg2 d5 Nf3 Nf6 d4 g6 O-O Bg7 Nc3 O-O Bf4 Ne4 e3 Nxc3 bxc3 Re8 h4 Bg4 Rb1 Rb8 Qd3 f6 c4 e5 dxe5 fxe5 Bg5 Ne7 cxd5 Qxd5 Nd2 Qxd3 cxd3 c6 Nc4 Be2 Nd6 Bxf1 Kxf1 b6 Nxe8 Rxe8 Bxe7 Rxe7 Bxc6 Rc7 Bd5+ Kf8 a4 Bf6 a5 bxa5 Rb5 Be7 Rxa5 Rc5 Rxc5 Bxc5 Ke2 a5 f4 exf4 gxf4 Be7 h5 gxh5 Bb3 h4 Kf3 Ke8 Kg4 Kd7 d4 Kc6 e4 Kb5 e5 Kb4 Ba2 a4 d5 Kc5 d6 Bd8 f5 a3 f6 Bxf6 exf6 Kxd6 Kxh4 Kd7 Kg5 Ke8 Kh6 Kf8 Kxh7 Ke8 Kg7,101,"[6003, 6003, 5979, 5979, 5971, 5851, 5915, 5851, 5907, 5843, 5811, 5843, 5779, 5739, 5603, 5651, 5603, 5603, 5467, 5555, 5267, 5451, 5187, 5267, 5075, 5107, 4931, 5107, 4883, 4883, 4739, 4739, 4163, 4651, 4163, 4619, 4027, 4531, 3691, 4187, 3691, 3603, 3563, 3603, 3523, 3603, 3491, 3571, 3451, 3531, 3347, 3371, 3227, 3371, 3107, 3259, 2995, 3123, 2803, 3123, 2683, 3083, 2603, 2955, 2603, 2915, 2523, 2915, 2427, 2827, 2387, 2675, 2275, 2675, 2147, 2675, 2027, 2667, 1851, 2579, 1715, 2539, 1627, 2203, 1547, 2171, 1451, 1779, 1371, 1691, 1371, 1651, 1331, 1443, 1267, 1443, 1267, 1443, 1195, 1443, 1196, 1313]"
OK63uLhA,True,bullet,60,0,indianstar,DrNykterstein,3111,3233,black,mate,Zukertort Opening: Kingside Fianchetto,A04,2,Nf3 g6 g3 Bg7 Bg2 e6 O-O Ne7 e4 O-O Re1 d5 e5 c5 d4 Nbc6 c3 cxd4 cxd4 f6 exf6 Bxf6 Nc3 Nf5 Ne2 Bd7 Bf4 Qb6 Ne5 Bxe5 dxe5 Rf7 Qd2 Raf8 Rac1 h6 h4 Kh7 Rf1 Nce7 a3 Bb5 Rce1 g5 hxg5 hxg5 Bxg5 Bxe2 Qxe2 Nxg3 Qd3+ Nef5 Be3 d4 fxg3 dxe3 Kh2 Kg7 Be4 Qxb2+ Re2 Qxe5 Bxf5 Rxf5 Rxf5 Qxf5 Qxe3 Qh5+ Kg2 Qd5+ Kh2 Rh8+ Kg1 Qh1+ Kf2 Rh2#,76,"[6003, 6003, 5955, 6003, 5955, 6003, 5955, 5987, 5931, 5987, 5931, 5987, 5899, 5939, 5899, 5931, 5899, 5867, 5899, 5843, 5771, 5843, 5731, 5771, 5659, 5723, 5563, 5651, 5467, 5563, 5283, 5467, 5195, 5355, 5155, 5123, 5035, 5011, 4891, 4875, 4715, 4715, 4595, 4491, 4467, 4467, 4435, 4467, 4387, 4267, 4355, 4083, 4019, 3827, 3195, 3619, 3115, 3475, 2963, 3235, 2843, 3067, 2627, 2859, 2587, 2763, 2467, 2675, 2419, 2611, 2331, 2507, 2299, 2275, 2258, 2275]"
EOwvdMyl,True,bullet,60,0,Lorenpf08,DrNykterstein,3015,3225,black,mate,Bird Opening,A02,1,f4 g6 Nf3 Bg7 g3 d6 Bg2 Nf6 O-O O-O d3 c5 e4 Nc6 Nc3 e5 h3 exf4 Bxf4 Nh5 Qd2 Nxf4 gxf4 f5 Rae1 Kh8 Kh2 Be6 Ng5 Bg8 h4 Nd4 Ne2 h6 Nf3 Nxf3+ Rxf3 Qxh4+ Rh3 Qf6 Rh1 fxe4 dxe4 Rae8 Kg3 g5 c3 d5 e5 Rxe5 fxe5 Qf2+ Kg4 Qxg2+ Kh5 Bf7#,56,"[6003, 6003, 5947, 6003, 5915, 5995, 5891, 5963, 5835, 5963, 5803, 5947, 5771, 5931, 5747, 5851, 5707, 5771, 5707, 5715, 5603, 5611, 5603, 5499, 5555, 5403, 5331, 5323, 5227, 5227, 5147, 5131, 5019, 5027, 4899, 4915, 4795, 4915, 4731, 4859, 4531, 4747, 4531, 4635, 4459, 4435, 3571, 4251, 2811, 4163, 1755, 4019, 1707, 3931, 1375, 3756]"
T0hqqeXL,True,bullet,60,0,DrNykterstein,Lorenpf08,3218,3018,white,resign,English Defense,A40,2,d4 b6 c4 Bb7 Nc3 e6 e4 Bb4 Bd3 Nf6 f3 d5 cxd5 O-O dxe6 Qxd4 exf7+ Rxf7 Ne2 Qc5 Qb3 Bxc3+ bxc3 Kf8 Ba3,25,"[6003, 6003, 5915, 5963, 5915, 5931, 5859, 5899, 5819, 5859, 5499, 5763, 5387, 5651, 5219, 5531, 5219, 5387, 5219, 5283, 5123, 4563, 4987, 4395, 4707, 4358]"
U7vJv1HU,True,bullet,60,0,chess-art-us,DrNykterstein,3109,3226,white,resign,"King's Indian Attack, with e6",A07,6,Nf3 d5 g3 Nf6 Bg2 e6 O-O Be7 d3 O-O Nbd2 c5 c4 Nc6 Rb1 d4 a3 e5 Ne1 a5 Nc2 Re8 Ne4 Nxe4 Bxe4 Bh3 Re1 Qd7 Bd2 a4 b4 axb3 Rxb3 f5 Bd5+ Kh8 Qb1 Rab8 Qb2 e4 Rb1 exd3 exd3 Ne5 Rxb7 Rxb7 Qxb7 Qa4 Qb3 Qa7 Qb5 Rf8 Qb7 Qxb7 Rxb7 Bf6 Rb3 f4 Bxf4 Ng6 Bd2 Re8 Be4 Ne5 f3 Bf5 Kf2 Bxe4 fxe4 Ng4+ Kg2 Nxh2 Kxh2,73,"[3003, 3003, 2963, 3003, 2963, 2931, 2931, 2931, 2915, 2923, 2915, 2867, 2915, 2811, 2883, 2739, 2843, 2739, 2811, 2667, 2779, 2571, 2707, 2467, 2707, 2403, 2659, 2355, 2595, 2307, 2539, 2307, 2507, 2243, 2379, 2243, 2379, 2067, 2331, 1995, 2299, 1899, 2299, 1827, 2227, 1747, 2227, 1683, 2075, 1563, 2019, 1299, 1947, 1083, 1947, 1011, 1803, 902, 1739, 821, 1619, 773, 1579, 633, 1515, 445, 1283, 370, 1283, 265, 1163, 265, 1099, 140]"
oPMO817E,True,bullet,60,0,DrNykterstein,Katarina0TP,3234,3072,black,resign,Hungarian Opening: Reversed Alekhine,A00,3,Nf3 e5 g3 e4 Nd4 d5 Nb3 Nf6 d3 exd3 cxd3 Be7 Bg2 O-O O-O a5 Nc3 a4 Nd2 a3 bxa3 Bxa3 Bxa3 Rxa3 Qc1 Ra8 a4 c6 e4 Re8 e5 Rxe5 Nf3 Re8 Re1 Nbd7 Rxe8+ Qxe8 Qa3 Qf8 Qb2 Qd6 d4 h6 Re1 Nf8 h3 Ne6 Bf1 Qc7 Bd3 Bd7 Kg2 b6 Rc1 c5 Bf5 c4 Rb1 Nf4+ gxf4 Bxf5 Qxb6 Qxf4 Re1 Bxh3+ Kxh3 Qxf3+ Kh2 Qxc3,70,"[3003, 3003, 3003, 2995, 2931, 2979, 2923, 2939, 2899, 2899, 2827, 2899, 2803, 2899, 2787, 2899, 2707, 2891, 2659, 2891, 2571, 2891, 2531, 2891, 2451, 2819, 2451, 2787, 2355, 2747, 2283, 2659, 2251, 2635, 2179, 2603, 2075, 2603, 2003, 2531, 1923, 2459, 1867, 2395, 1867, 2323, 1747, 2283, 1507, 2123, 1435, 2067, 1387, 1875, 1275, 1811, 1083, 1475, 910, 1307, 910, 1275, 836, 1235, 727, 1171, 637, 1171, 616, 1150, 505]"
ai4mXm5Q,True,bullet,60,0,Mirakel05,DrNykterstein,3108,3230,black,resign,English Opening: Great Snake Variation,A10,2,c4 g6 Nf3 Bg7 d4 d6 Nc3 e5 Bg5 f6 Bh4 Nc6 e3 Nh6 c5 Nf5 cxd6 cxd6 dxe5 Nxh4 Nxh4 dxe5 Qxd8+ Nxd8 Nd5 Ne6 Rc1 Bd7 Bc4 Rd8 O-O O-O Rfd1 Kh8 Nf3 e4 Nd2 f5 b4 Ba4 Bb3 Bb5 a4 Be2 Re1 Bd3 a5 Bb2 Rcd1 Rd7 Nc4 Bg7 Na3 Rfd8 Nf6 Bxf6 Bxe6 Rd6 Bb3 Bc3 b5 Bxa5 h4 Bxe1 Rxe1 a6 bxa6 Rxa6 Nc2 Bxc2 Bxc2 Ra2 Bb3 Rb2 Be6 Rdd2 Rf1 Kg7 g3 Kf6 Bc4 b5 Bg8 b4 Bxh7 Kg7,86,"[6003, 6003, 5899, 6003, 5899, 5987, 5867, 5931, 5643, 5803, 5595, 5755, 5547, 5587, 5403, 5467, 5315, 5467, 5227, 5339, 5227, 5259, 5083, 5195, 4931, 5115, 4803, 5067, 4643, 4691, 4603, 4531, 4563, 4427, 4467, 4299, 4315, 4251, 4171, 4051, 4075, 3907, 3995, 3787, 3899, 3739, 3563, 3619, 3451, 3467, 3411, 3275, 2907, 3171, 2763, 3075, 2731, 3027, 2691, 2947, 2395, 2811, 2259, 2683, 2259, 2611, 2171, 2611, 2107, 2499, 2107, 2443, 2051, 2387, 2019, 2363, 1971, 2291, 1907, 2219, 1843, 2163, 1827, 2147, 1771, 2077, 1586]"
MoasISt2,True,bullet,60,0,DrNykterstein,junglebook1,3223,3283,white,resign,"Grünfeld Defense: Exchange Variation, Spassky Variation",D88,21,d4 Nf6 c4 g6 Nc3 d5 cxd5 Nxd5 e4 Nxc3 bxc3 Bg7 Bc4 c5 Ne2 Nc6 Be3 O-O O-O cxd4 cxd4 Bg4 f3 Bd7 Rc1 a6 Qd2 Rc8 d5 Ne5 Bb3 Bb5 Rxc8 Qxc8 Rc1 Qb8 Nd4 Rc8 Rxc8+ Qxc8 Nxb5 axb5 Qc2 Nc4 Bf2 Qc7 g3 h5 f4 h4 e5 hxg3 hxg3 Bf8 a4 Qa5 axb5 Nd2 Qd3 Qb4 Bc2 Nc4 Kg2 Qxb5 Bb3 Na3 Qxb5 Nxb5 Bb6 Kg7 Kf3 f6 Bc4 Na3 Bd3 g5 Bc5 gxf4 gxf4 fxe5 fxe5 e6 d6,83,"[6003, 6003, 5947, 6003, 5915, 5971, 5915, 5963, 5867, 5939, 5867, 5931, 5787, 5891, 5723, 5859, 5635, 5827, 5595, 5787, 5507, 5763, 5427, 5739, 5299, 5707, 5243, 5659, 5155, 5563, 5083, 5523, 4979, 5523, 4907, 5491, 4523, 5443, 4363, 5355, 4323, 5355, 4259, 5227, 4195, 5147, 4115, 5067, 4035, 4443, 3955, 4387, 3955, 4043, 3851, 3811, 3715, 3587, 3523, 2971, 3275, 2923, 3019, 2859, 2779, 2731, 2691, 2731, 2499, 2267, 2403, 2219, 2291, 2051, 2203, 2027, 2011, 1979, 1931, 1955, 1859, 1899, 1798, 1450]"
jdsZdqm4,True,bullet,60,0,StrongKhaganaK1ller,DrNykterstein,2998,3220,black,resign,Rapport-Jobava System,D01,5,d4 Nf6 Nc3 d5 Bf4 a6 e3 h6 Nf3 Bf5 Ne5 e6 g4 Bh7 h4 Nfd7 g5 Nxe5 Bxe5 Nc6 gxh6 Nxe5 dxe5 gxh6 Bd3 Qd7 Bxh7 Rxh7 Qd3 Rg7 e4 d4 Ne2 O-O-O O-O-O c5 c3 Qc7 cxd4 cxd4+ Kb1 Qxe5 Nxd4 Bc5 Nc6 Rxd3 Nxe5 Rxd1+ Rxd1 Bxf2 Rf1 Bxh4 Nxf7 h5 Nd6+ Kd8 Rh1 Bg3 e5 h4 Ne4 Ke7 Kc2 Rg4 Nf6 Rd4 Nh5 Bxe5 Rg1 h3 Rg5 h2,72,"[6003, 6003, 5883, 5947, 5851, 5875, 5795, 5747, 5595, 5667, 5499, 5571, 5451, 5507, 5427, 5411, 5339, 5331, 5171, 5259, 5003, 5171, 5003, 5091, 4939, 4867, 4851, 4867, 4795, 4827, 4723, 4659, 4651, 4603, 4571, 4563, 4435, 4491, 4299, 4491, 4219, 4443, 4179, 4291, 3283, 4291, 3227, 4147, 3227, 4099, 3171, 3979, 3131, 3835, 2675, 3723, 2427, 3635, 1971, 3443, 1907, 3267, 1723, 3147, 1643, 2995, 1067, 2907, 943, 2795, 857, 2799, 746]"
2WzTqTeg,True,bullet,60,0,DrNykterstein,maciek_92,3217,3020,white,resign,Sicilian Defense: Taimanov Variation,B46,10,e4 c5 Nc3 e6 Nf3 Nc6 d4 cxd4 Nxd4 a6 Nxc6 bxc6 Bd3 d5 O-O Nf6 Re1 Be7 Qf3 O-O Qg3 g6 Bh6 Re8 Rad1 Nh5 Qh3 Bg5 Bxg5 Qxg5 exd5 cxd5 Nxd5 e5 Qe3 Qh4 Nb6 Rb8 Nxc8 Rbxc8 c3 Rb8 g3 Qf6 b3 a5 Bc4 Ng7 Rd7 Re7 Rxe7 Qxe7 Qxe5 Qb7 Qxa5 Nf5 Qd5 Qc7 Qe5 Qb7 Bd5 Qa7 c4 Rd8 Qf6 Rf8 h4 h5,68,"[6003, 6003, 6003, 5955, 5883, 5915, 5883, 5891, 5827, 5851, 5763, 5787, 5763, 5747, 5755, 5699, 5579, 5635, 5531, 5531, 5443, 5379, 5259, 5339, 5027, 5251, 4907, 5163, 4771, 5163, 4715, 5067, 4611, 4251, 4411, 4067, 4123, 3731, 4019, 3731, 3915, 3331, 3835, 3179, 3835, 3091, 3739, 3019, 3627, 2891, 3539, 2843, 3531, 2715, 3331, 2587, 3195, 2491, 3075, 2379, 3003, 2267, 2947, 2203, 2763, 2027, 2611, 1863, 2507]"
BdIlhVem,True,bullet,60,0,DrNykterstein,alireza2003,3210,3235,white,resign,Sicilian Defense,B27,3,e4 c5 Nf3 d5 exd5 Qxd5 Nc3 Qd8 d4 cxd4 Qxd4 Qxd4 Nxd4 Nf6 Ndb5 Na6 Be3 Bd7 Bxa7 e6 O-O-O Be7 Bd4 O-O Bxf6,25,"[6003, 6003, 6003, 5971, 5923, 5931, 5923, 5899, 5827, 5819, 5827, 5635, 5827, 5603, 5611, 5555, 5571, 5403, 5451, 5315, 5387, 5227, 5219, 5187, 5126, 4959]"
X2ooxxhO,True,bullet,60,0,chess-art-us,DrNykterstein,3084,3205,black,resign,King's Indian Attack: Symmetrical Defense,A05,4,Nf3 Nf6 g3 g6 Bg2 Bg7 O-O O-O d3 d6 c4 Nbd7 Nc3 e5 Nd2 Re8 Rb1 c6 b4 Nf8 e4 Ne6 Bb2 a5 a3 axb4 axb4 h5 Ra1 Rxa1 Bxa1 Nd4 Ne2 Nxe2+ Qxe2 h4 Rb1 h3 Bf1 d5 cxd5 cxd5 Nf3 Bg4 Qe3 d4 Qe2 Qa8 Qd1 Rc8 Be2 Qa2 Rb2 Qe6 Kf1 Bh6 Rb1 Qa2 Bb2 Rc3 Ne1 Bxe2+ Kxe2 Rb3 Qc2 Rxb4 Kd1 Ng4 Ke2 Nxh2 f3 Be3 f4 Ng4 Nf3 h2 f5 h1=Q,78,"[6003, 6003, 5955, 6003, 5915, 6003, 5915, 5963, 5883, 5963, 5787, 5963, 5739, 5963, 5643, 5907, 5603, 5859, 5539, 5771, 5467, 5659, 5387, 5563, 5243, 5459, 5243, 5371, 5163, 5243, 5163, 5171, 5075, 5043, 5075, 5019, 4763, 5019, 4659, 4971, 4491, 4971, 4451, 4843, 4307, 4763, 4259, 4499, 4107, 4219, 3291, 4107, 3003, 3987, 2571, 3891, 2451, 3595, 2387, 3051, 1979, 2891, 1923, 2667, 1867, 2523, 1659, 2403, 1243, 2267, 801, 2163, 698, 2051, 548, 1995, 311, 1838, 223]"
iYUxzt1g,True,bullet,60,0,DrNykterstein,MetiForce,3201,3080,white,resign,Zukertort Opening: Kingside Fianchetto,A04,2,Nf3 g6 g3 Bg7 Bg2 c6 d4 d5 O-O Nf6 Bf4 O-O Nbd2 Bf5 Nh4 Nbd7 Nxf5 gxf5 Nf3 e6 c3 Ne4 Ne1 a5 Nd3 a4 f3 Nef6 Qc2 b5 Rae1 Qe7 e4 dxe4 fxe4 Nxe4 Bxe4 fxe4 Rxe4 c5 d5 Nf6 d6 Qb7 Re2 c4 Ne5 Nd5 Qe4 Qb6+ Kg2 Nxf4+ Rxf4 Qxd6 Nxf7 Qd5 Qxd5 exd5 Nd6 Rxf4 gxf4 b4 cxb4 a3 bxa3 c3 Kf3 Rxa3 Rc2 Bf8 Nb5 Ra8 a3 Bg7 Ke3 Kf7 Kd3 Kg6 Rg2+ Kh6 Rg5 d4 Nd6 Rf8 Nf5+ Rxf5 Rxf5 Kg6 Rg5+ Kf7 Rxg7+ Kxg7 b5 Kf6 b6,95,"[6003, 6003, 6003, 5995, 5971, 5995, 5859, 5995, 5835, 5899, 5763, 5899, 5715, 5835, 5603, 5779, 5515, 5779, 5475, 5739, 5435, 5707, 5323, 5675, 5275, 5627, 5227, 5507, 5139, 5411, 5083, 5363, 5035, 5275, 5035, 5211, 5035, 5211, 4979, 5123, 4795, 5067, 4675, 4971, 4531, 4843, 4443, 4603, 4403, 4443, 4227, 4371, 3963, 4179, 3891, 3875, 3659, 3875, 3539, 3627, 3539, 3243, 3435, 3211, 3323, 3131, 3147, 2931, 2995, 2643, 2883, 2251, 2699, 1963, 2643, 1843, 2523, 1771, 2275, 1723, 2147, 1483, 2059, 845, 2059, 741, 2059, 713, 1979, 643, 1907, 643, 1859, 641, 1841, 506]"
jsnf9Tyl,True,bullet,60,0,DrNykterstein,mutdpro,3201,3224,,outoftime,King's Indian Attack,A07,3,Nf3 d5 g3 Nd7 Bg2 e5 d3 c6 Nbd2 Ngf6 O-O Bc5 e4 O-O c3 dxe4 Nxe4 Bb6 Nxf6+ Qxf6 Re1 h6 a4 a5 Be3 Bc7 Qe2 Re8 Rad1 Nf8 h3 Ng6 Nd2 Bf5 Ne4 Qe7 Bc5 Qd7 h4 Rad8 Be3 Bg4 f3 Be6 Nc5 Qc8 Nxe6 Qxe6 Qf2 Qb3 h5 Nf8 Bh3 Qxa4 Bf5 Qb3 g4 Ne6 Kg2 Qd5 Ra1 b5 Be4 Qd6 Rad1 a4 Qg3 Nf4+ Bxf4 exf4 Qf2 Re5 d4 Re7 Bd3 Re3 Be4 Re8 Kf1 a3 bxa3 Rxc3 Bh7+ Kf8 Rxe8+ Kxe8 d5 Re3 Be4 c5 Qb2 Rxe4 Qxb5+ Ke7 fxe4 Kf6 Qc6 Ke5 Qxd6+ Kxd6 a4 c4 Ke2 Kc5 d6 Bxd6 Rd5+ Kc6 a5 Bc5 a6 Bb6 Rf5 f6 Rxf4 Kb5 Rf5+ Kxa6 e5 fxe5 Rxe5 Bd4 Re4 Bf6 Rxc4 Kb5 Re4 Kc5 Kf3 Kd5 Kf4 Bg5+ Kf5 Bf6 Re6 Bc3 Rg6 Bb2 g5 hxg5 Rxg5 Kd6 Kg6 Ke7 Rf5 Ke6 Rf7 Bc3 Rxg7 Bb2 Rf7 Bg7 h6 Bf6 Rxf6+ Ke5 Rf7 Ke4 h7 Kd5 h8=Q Ke6 Qe8+ Kd6,164,"[6003, 6003, 6003, 5923, 6003, 5883, 5939, 5843, 5891, 5811, 5891, 5739, 5843, 5707, 5683, 5627, 5627, 5515, 5547, 5419, 5507, 5339, 5347, 5259, 5315, 5195, 5211, 5131, 5139, 5059, 5099, 4995, 5043, 4915, 4963, 4883, 4843, 4835, 4723, 4635, 4563, 4547, 4459, 4507, 4339, 4347, 4283, 4307, 4235, 4227, 3787, 4163, 3139, 3971, 3091, 3867, 2995, 3763, 2939, 3483, 2723, 3275, 2635, 3203, 2507, 2963, 2411, 2843, 2331, 2843, 2323, 2715, 2259, 2667, 2083, 2627, 1939, 2499, 1827, 2267, 1675, 2171, 1603, 2139, 1571, 2139, 1539, 2043, 1379, 1963, 1323, 1723, 1155, 1603, 1099, 1507, 1011, 1427, 968, 1371, 968, 1323, 888, 1283, 765, 1227, 707, 1195, 707, 1115, 707, 1075, 591, 995, 524, 953, 524, 905, 488, 753, 488, 655, 392, 655, 382, 655, 339, 623, 339, 623, 300, 588, 300, 568, 256, 568, 256, 465, 256, 418, 256, 410, 141, 410, 137, 351, 137, 317, 137, 306, 130, 273, 130, 273, 61, 231, 61, 231, 44, 231, 35, 231, 6, 231, 0]"
ZZImaDvj,True,bullet,60,0,affa19,DrNykterstein,3004,3197,black,mate,Queen's Pawn Game: Modern Defense,A40,2,d4 g6 c3 Bg7 Nf3 Nf6 h3 O-O Bf4 d6 e3 Nbd7 Bh2 b6 Be2 Bb7 O-O a6 a4 c5 Nbd2 Ra7 Bd3 Qa8 Qe2 h6 Rfe1 Ne4 Nxe4 Bxe4 Bxe4 Qxe4 Nd2 Qc6 Qf3 Qxf3 Nxf3 Rfa8 Red1 b5 a5 Rc8 dxc5 Nxc5 Nd4 f5 f3 Kf7 Kf1 Rac7 Bg1 Na4 Rd2 Bxd4 exd4 f4 d5 Rc4 b3 Rxc3 bxa4 Rc1+ Rd1 Rxd1+ Rxd1 bxa4 Ra1 Rc4 Bb6 Kf6 Ke2 Ke5 Kd3 Kxd5 Ke2 e5 Kd3 g5 Ra2 h5 Ra1 Rb4 Kc3 Rb3+ Kc2 Rb4 Kc3 Rc4+ Kd3 g4 hxg4 hxg4 Ra2 Rb4 Kc3 Rb3+ Kc2 gxf3 gxf3 Rxf3 Rxa4 e4 Rd4+ Ke5 Rd1 e3 Kd3 Rf2 Re1 Rd2+ Kc3 Ke4 Bc7 d5 Bb6 d4+ Kc4 f3 Rh1 f2 Rh4+ Kf3 Bxd4 f1=Q+ Kd5 Qb5+ Ke6 Rxd4 Rxd4 e2 Rd5 e1=Q+ Kd6 Qg3+ Ke6 Qg8+ Ke7 Qgxd5 Kf6 Qbd7 Kg6 Q7e6+ Kh7 Qdd7+ Kh8 Qee8#,146,"[6003, 6003, 5995, 5979, 5947, 5979, 5915, 5971, 5875, 5971, 5843, 5971, 5819, 5955, 5803, 5947, 5763, 5899, 5723, 5859, 5683, 5819, 5595, 5771, 5547, 5411, 5443, 5075, 5387, 5075, 5387, 4971, 5387, 4891, 5355, 4731, 5355, 4635, 5291, 4571, 4995, 4403, 4931, 4299, 4763, 4195, 4587, 4139, 4467, 4027, 4387, 3907, 4227, 3395, 4155, 3307, 4003, 3019, 3715, 2939, 3675, 2883, 3579, 2819, 3579, 2787, 3547, 2715, 3459, 2579, 3411, 2523, 3371, 2491, 2819, 2403, 2731, 2315, 2627, 2219, 2579, 2091, 2459, 1851, 2371, 1643, 2315, 1643, 2267, 1627, 2195, 1627, 2091, 1627, 2019, 1563, 1939, 1563, 1875, 1563, 1859, 1467, 1771, 1411, 1771, 1219, 1699, 1131, 1635, 1043, 1595, 1043, 1387, 950, 1267, 950, 1227, 882, 1139, 882, 1083, 829, 983, 738, 927, 634, 857, 575, 762, 575, 642, 452, 642, 245, 542, 170, 382, 170, 375, 69, 319, 69, 245, 69, 243, 54]"
uZ8Ugjbm,True,bullet,60,0,junglebook1,DrNykterstein,3266,3203,white,resign,"Queen's Gambit Accepted: Classical Defense, Main Line",D27,12,d4 d5 Nf3 Nf6 c4 dxc4 e3 e6 Bxc4 c5 O-O a6 b3 cxd4 Nxd4 Bd7 Bb2 Nc6 Nd2 Nxd4 Bxd4 Bc6 Be2 Be7 Bf3 Rc8 Rc1 Bxf3 Qxf3 Rxc1 Rxc1 Qd7 Nc4 O-O Nb6 Qb5 Qxb7 Ba3 Rc8 e5 Bc3 Qd3 h3 Ne4 Nd7 Nxc3 Nxf8,47,"[6003, 6003, 6003, 5723, 6003, 5187, 5899, 5187, 5787, 5187, 5739, 5187, 5635, 5011, 5579, 5011, 5547, 5011, 5515, 4931, 5451, 4931, 5411, 4811, 5371, 4667, 5323, 4539, 5323, 3747, 5323, 3691, 5235, 3547, 5163, 3499, 5059, 3387, 4859, 3227, 3803, 2547, 3395, 2467, 2795, 1411, 2282, 1201]"
fNUpn0oK,True,bullet,60,0,DrNykterstein,yoseph2013,3200,2964,white,resign,"Réti Opening: Anglo-Slav Variation, with g3",A11,12,Nf3 Nf6 g3 d5 Bg2 c6 O-O Bf5 d3 h6 c4 e6 cxd5 cxd5 Qb3 Qb6 Be3 Qxb3 axb3 Nc6 Nd4 Nxd4 Bxd4 a6 Nc3 Bg6 e4 dxe4 dxe4 Nd7 e5 Bc5 Bxc5 Nxc5 b4 Nd3 Bxb7 Rb8 Bc6+ Ke7 b5 axb5 Ra7+ Kf8 f4 b4 Nb5 Kg8 Nd6 Nxb2 f5 exf5 Bd5 Kh7 Bxf7 Bxf7 Rxf7 Nd3 Nxf5 Rhg8 e6 b3 e7 b2 Rb1 Rbc8 Kg2 Kg6 Nd6 Rc1 Rxb2 Nxb2 Rf8 Re1 Rxg8 Rxe7 Rc8 Nd3 h4 Kh7 h5 Ne5 Rf8 Nd7 Rf5 Nf6 Nc4 Rd7 Ne3 Re7 Kf3 Ra7 Re5 Ra3 g4 Kg8 Kf4 Kf7 Nc4 Ra4 Rc5 Nd7 Rc7 Ke6 Rc6+ Kd5 Rd6+ Kc5 Rxd7 Rxc4+ Kf5 Kc6 Rxg7 Kd6 Rg6+ Ke7 Rxh6 Kf7,118,"[6003, 6003, 6003, 5963, 6003, 5963, 5939, 5931, 5939, 5891, 5859, 5843, 5787, 5611, 5787, 5547, 5691, 5443, 5691, 5411, 5635, 5283, 5635, 5251, 5595, 5203, 5539, 5203, 5523, 5075, 5443, 5019, 5371, 4971, 5371, 4939, 5283, 4899, 5139, 4867, 5075, 4603, 5075, 4555, 4995, 4483, 4883, 4395, 4763, 4187, 4643, 4123, 4539, 4043, 4387, 3963, 4251, 3851, 4147, 3603, 4091, 3523, 4011, 3459, 3931, 3187, 3875, 2859, 3627, 2451, 3499, 2443, 3459, 2411, 3379, 2363, 3331, 2251, 3275, 2187, 3139, 2139, 2971, 2019, 2851, 1971, 2763, 1891, 2667, 1787, 2603, 1723, 2491, 1667, 2435, 1587, 2323, 1547, 2115, 1483, 2059, 1443, 1979, 1403, 1907, 1331, 1843, 1291, 1843, 1147, 1795, 1035, 1723, 1027, 1723, 992, 1699, 921, 1629]"
MSkP4tKc,True,bullet,60,0,DrNykterstein,Katarina0TP,3195,3064,white,resign,King's Indian Attack,A05,4,Nf3 d5 g3 Nf6 Bg2 Bf5 O-O e6 d3 Be7 c4 O-O cxd5 exd5 Nc3 c5 e4 dxe4 dxe4 Qxd1 Rxd1 Bg4 h3 Bxf3 Bxf3 Nc6 Be3 Rfd8 Bg2 Nd4 Rac1 Rac8 e5 Nd7 f4 b6 Kf2 Nf8 Nd5 Rd7 Bxd4,41,"[6003, 6003, 6003, 5931, 6003, 5851, 6003, 5835, 5963, 5787, 5891, 5755, 5843, 5707, 5843, 5667, 5715, 5659, 5675, 5595, 5579, 5571, 5435, 5515, 5435, 5491, 5371, 5395, 5171, 5315, 4923, 5235, 4851, 5099, 4667, 4747, 4483, 4659, 4387, 4619, 4265, 4322]"
ZjbAs7ai,True,bullet,60,0,SemenPuzyrevsky,DrNykterstein,2857,3193,black,mate,"Pterodactyl Defense: Western, Rhamphorhynchus",B27,8,e4 g6 d4 c5 dxc5 Bg7 Nf3 Qa5+ Bd2 Qxc5 Bc3 Bxc3+ Nxc3 d6 Qd4 Qxd4 Nxd4 Nf6 f3 Nc6 Rd1 Nxd4 Rxd4 Be6 Bc4 Rc8 Bxe6 fxe6 Kd2 Nd7 Rb4 b6 Ra4 a5 b4 axb4 Rxb4 Kf7 a4 Rc6 Nb5 Ra8 c3 g5 h3 Ne5 Rhb1 h5 Nd4 Rc5 Nb3 Rcc8 Nd4 h4 Ke2 Ng6 R1b3 Nf4+ Kf1 Nd3 Rxb6 Rxa4 Rb7 Ra1+ Ke2 Nc1+ Ke3 Nxb3 Rxb3 Ra2 Ne2 Rca8 f4 gxf4+ Nxf4 Rg8 Rb7 Rg3+ Kd4 e5+ Kd5 exf4 e5 Rd2+ Ke4 Re2+ Kxf4 Rxe5 c4 Rxg2 c5 Rxc5 Rb3 Rcg5 Rf3 e5+ Ke4+ Ke6 Rg3 d5+ Kf3 R5xg3#,102,"[6003, 6003, 5923, 5947, 5843, 5851, 5731, 5779, 5691, 5723, 5691, 5611, 5691, 5539, 5451, 5443, 5451, 5403, 5403, 5323, 5131, 5171, 5131, 5123, 5035, 5035, 4971, 5035, 4931, 4955, 4731, 4779, 4691, 4651, 4635, 4451, 4635, 4363, 4563, 4283, 4283, 4243, 4187, 4075, 4035, 3851, 3795, 3707, 3683, 3635, 3339, 3507, 3099, 3435, 2939, 3299, 2787, 3187, 2739, 3099, 2587, 3059, 2459, 2963, 2347, 2899, 2227, 2899, 2147, 2851, 2027, 2683, 1955, 2411, 1955, 2315, 1515, 2195, 1475, 2163, 1435, 2163, 1387, 2083, 1323, 2027, 1323, 1987, 1155, 1907, 1099, 1835, 968, 1691, 888, 1627, 824, 1571, 657, 1483, 563, 1484]"
3YrxyLMY,True,bullet,60,0,DrNykterstein,RebeccaHarris,3187,3110,white,resign,Zukertort Opening,A05,2,Nf3 Nf6 Nc3 d5 d4 Bf5 Bf4 e6 e3 Bd6 Bd3 Bxf4 exf4 Bg4 h3 Bxf3 Qxf3 c5 dxc5 Qa5 O-O-O Qxc5 Kb1 Nc6 Rhe1 O-O g4 Rac8 g5 Nd7 h4 b5 h5 b4 Ne2 Nb6 Qh3 Nc4 g6 fxg6 Qxe6+ Kh8 hxg6 h6 Bxc4 Qxc4 Qxd5 Qxd5 Rxd5 Rfe8 Kc1 Ne7 Rd6 Nf5 Ra6 Nh4 Rxa7 Nf3 Rd1 Rxe2 Kb1 Rexc2 Rad7 Nd2+ R7xd2 Rxd2 Rxd2 Kg8 a4 bxa3 bxa3 Kf8 a4 Rc4 Ra2 Rxf4 a5 Rb4+ Kc2 Rb7 a6 Ra7 Kc3 Ke7 Kc4 Kd7 Kb5 Kc7 Re2 Kc8 Kb6 Rf7 gxf7,93,"[6003, 6003, 5835, 5923, 5771, 5891, 5707, 5859, 5635, 5819, 5563, 5779, 5563, 5747, 5443, 5715, 5435, 5715, 5339, 5667, 5251, 5595, 5195, 5563, 5123, 5459, 5067, 5355, 5019, 5307, 4971, 5187, 4843, 5147, 4787, 5011, 4499, 4763, 4187, 4555, 4043, 4523, 4003, 4451, 3947, 4299, 3771, 3907, 3771, 3779, 3683, 3659, 3531, 3571, 3403, 3515, 2819, 3299, 2651, 3251, 2555, 2883, 2219, 2315, 2067, 2275, 2067, 2219, 1987, 2131, 1987, 2107, 1899, 2075, 1755, 1987, 1675, 1963, 1595, 1923, 1539, 1923, 1475, 1899, 1427, 1867, 1387, 1843, 1243, 1547, 1011, 1219, 922, 1180]"
fcmhc2GV,True,bullet,60,0,Tuzakli_Egitim,DrNykterstein,3118,3181,black,resign,Sicilian Defense: Najdorf Variation,B90,10,e4 c5 Nf3 d6 d4 cxd4 Nxd4 Nf6 Nc3 a6 a3 e5 Nf5 d5 Bg5 d4 Bxf6 Qxf6 Nd5 Qd8 c4 Nc6 Bd3 g6 Ng3 h5 O-O h4 Nh1 h3 g3 Bg7 f4 exf4 gxf4 g5 Ng3 gxf4 Rxf4 Be5 Qf3 Be6 Rf1 Qg5 Rxf7 O-O-O Rf5 Bxf5 Qxf5+ Qxf5 exf5 Rdg8 Rf3 Bxg3 Rxg3 Rxg3+ hxg3 h2+ Kh1 Ne5 Be2 d3 Bd1 d2 Nf4 Nxc4 f6 Ne3 Bf3 Nf5 Bg4 d1=Q+,72,"[6003, 6003, 5955, 6003, 5923, 5619, 5923, 5491, 5891, 5395, 5851, 5299, 5819, 5235, 5747, 5235, 5715, 5059, 5635, 5011, 5595, 4899, 5419, 4899, 5371, 4843, 5275, 4843, 5243, 4763, 5195, 4643, 5123, 4643, 5083, 4595, 4875, 4507, 4843, 4467, 4747, 4371, 4667, 4243, 4523, 4075, 4115, 3963, 4043, 3899, 3947, 3723, 3731, 3611, 3435, 3523, 3435, 3515, 3355, 3515, 3291, 3443, 3251, 3387, 2723, 3315, 2683, 3219, 2595, 3147, 1523, 3016, 1411]"
knxDYq5W,True,bullet,60,0,DrNykterstein,Suleyman_Chess06,3176,3019,white,resign,Hungarian Opening: Slav Formation,A00,4,g3 d5 Bg2 c6 Nf3 Nf6 O-O g6 d3 Bg7 Nbd2 O-O e4 Bg4 h3 Bxf3 Qxf3 e6 Qe2 Nbd7 e5 Ne8 Nf3 c5 c4 Nc7 h4 d4 h5 f6 h6 Bh8 exf6 Qxf6 b4 Rae8 bxc5 Nxc5 Ba3 b6 Rab1 e5 Bxc5 bxc5 Rb7 Qc6 Ng5 e4 Rfb1 Re7 Bxe4 Qf6 Rxc7 Qxg5 Rxe7,55,"[6003, 6003, 6003, 5987, 5723, 5987, 5683, 5987, 5563, 5987, 5531, 5987, 5515, 5899, 5427, 5835, 5403, 5803, 5347, 5763, 5299, 5731, 5203, 5667, 4963, 5595, 4819, 5531, 4723, 5339, 4587, 5259, 4587, 5211, 4499, 5075, 4387, 5075, 4283, 5043, 4219, 4971, 4131, 4891, 4115, 4603, 3971, 4475, 3763, 4011, 3627, 3979, 3523, 3707, 3432, 3496]"
9vzrfIrv,True,bullet,60,0,mutdpro,DrNykterstein,3213,3184,white,resign,"Queen's Indian Defense: Kasparov-Petrosian Variation, Andersson Variation",E12,10,d4 Nf6 Nf3 b6 c4 Bb7 Nc3 e6 a3 Ne4 Nxe4 Bxe4 Bf4 d6 e3 Be7 Bd3 Bb7 Bc2 Nd7 O-O O-O Bg3 Re8 Qe2 Bf6 Rfd1 e5 dxe5 Nxe5 Nxe5 Bxe5 Bxe5 Rxe5 Rd4 Qf6 Rad1 Rae8 Qd2 Rg5 e4 Rge5 f3 h5 b4 h4 h3 Rg5 Qf2 Bc8 Kf1 Be6 Qxh4 c5 bxc5 bxc5 Rxd6 Bxc4+ Ke1 Qc3+ R1d2 Qe3+ Kd1 Qg1+ Qe1 Rxg2 Rxg2 Qxg2 Qe3 Qxh3 Kc1 Rb8 Qxc5 Qg3 Rd1 Qf4+ Rd2 Rd8 Qb4 Rxd2 Qxd2 Qxf3 Qd8+ Kh7 Qh4+ Kg6 e5+ f5 exf6+ Kf7 Qxc4+ Kxf6 Qd4+ Kf7 Qxa7+ Kf6 Qb6+ Kf7 Qb3+ Qxb3 Bxb3+ Ke7 Kd2,103,"[6003, 6003, 5915, 6003, 5747, 6003, 5707, 5955, 5667, 5875, 5627, 5875, 5515, 5795, 5475, 5747, 5435, 5699, 5307, 5643, 5251, 5555, 5211, 5475, 5163, 5315, 5107, 5251, 5075, 5251, 5003, 5251, 4771, 5251, 4643, 5147, 4531, 5067, 4395, 4891, 4107, 4763, 4019, 4667, 3947, 4595, 3915, 4435, 3715, 4283, 3555, 4179, 3371, 4043, 3243, 4043, 3099, 3955, 2683, 3851, 2491, 3731, 2339, 3579, 2283, 3579, 1875, 3579, 1811, 3411, 1667, 3275, 1531, 3043, 1443, 2907, 1411, 2843, 1315, 2723, 1243, 2651, 1203, 2555, 1195, 2427, 1147, 2379, 1115, 2307, 1003, 2203, 975, 2107, 975, 2067, 893, 2067, 854, 1963, 854, 1947, 854, 1818]"
pHGFe1lT,True,bullet,60,0,Night-King96,DrNykterstein,3151,3176,black,outoftime,Rapport-Jobava System,D01,5,d4 d5 Nc3 Nf6 Bf4 a6 e3 h6 Nf3 c5 dxc5 Nc6 h3 e6 Na4 Nd7 c3 Nxc5 Nxc5 Bxc5 Bd3 Bd6 Bxd6 Qxd6 O-O O-O e4 Rd8 exd5 exd5 Re1 Qf6 Nd4 Nxd4 cxd4 Bd7 Re3 Re8 Rf3 Qd6 Qd2 Re7 Rg3 Rae8 Rc1 Bb5 Bxb5 axb5 Re3 Rxe3 fxe3 Qg3 Rc3 b4 Rd3 Qd6 Qf2 Qa6 Rb3 Qa4 Qd2 Qxa2 Rxb4 Qb1+ Kh2 Re7 Rb6 Qe4 Rd6 Qxe3 Qxe3 Rxe3 Rxd5 Rb3 Rd8+ Kh7 d5 Rxb2 d6 Rd2 d7 b5 Kg3 b4 Kf3 b3 Rb8 Rxd7 Rxb3 Rd6 Kg3 Rf6 Kh2 g5 Ra3 Kg6 Ra1 Re6 Ra8 f5 Rg8+ Kf6 Rb8 Ke5 Rb2 f4 Rf2 Kf5 Ra2 h5 Ra8 g4 Ra5+ Re5 hxg4+ hxg4 Ra8 g3+ Kh3 Ke4 Rf8 Ke3 Kg4 Re4 Kh3 Kf2,126,"[6003, 6003, 5995, 5907, 5963, 5907, 5899, 5867, 5835, 5619, 5587, 5563, 5235, 5307, 5139, 5235, 4795, 5155, 4739, 5155, 4683, 4987, 4603, 4987, 4523, 4907, 4483, 4859, 4243, 4755, 3827, 4699, 3571, 4603, 3571, 4579, 3499, 4451, 3011, 4355, 2923, 4267, 2811, 4163, 2619, 4083, 2003, 4083, 1835, 3947, 1835, 3867, 1699, 3803, 1603, 3627, 1467, 3515, 1235, 3459, 1131, 3387, 1075, 3283, 1035, 3259, 934, 3259, 824, 3123, 760, 3123, 718, 3083, 718, 2779, 718, 2707, 718, 2659, 711, 2579, 692, 2291, 624, 2219, 624, 2107, 624, 2083, 593, 2083, 591, 1899, 591, 1883, 571, 1835, 551, 1779, 516, 1691, 516, 1667, 491, 1595, 491, 1555, 473, 1451, 473, 1331, 402, 1251, 309, 1163, 309, 1059, 225, 1059, 150, 992, 150, 961, 50, 961, 0]"
WPYzAi4Z,True,bullet,60,0,DrNykterstein,chess-art-us,3170,3090,white,resign,King's Indian Defense: Orthodox Variation,E91,11,d4 Nf6 c4 g6 Nc3 Bg7 e4 O-O Nf3 d6 Be2 Nbd7 O-O c5 d5 a6 a4 Rb8 Re1 Ne8 Bf4 Nc7 Qd2 f6 Bh6 Ne5 Nxe5 fxe5 Be3 Bd7 a5 b5 axb6 Rxb6 Reb1 Qb8 Nd1 Qb7 h4 Rb8 h5 Ne8 hxg6 hxg6 Ra3 Nf6 Qc2 Nxe4 Bd3 Nf6 Bxg6 e6 dxe6 Bxe6 Bg5 Rb4 Ne3 e4 Bxf6 Bxf6 Bxe4 Qf7 b3 Bd4 Rxa6 Bxe3 fxe3 Bxc4 Rxd6 Rxb3 Rxb3 Bxb3 Qxc5 Qg7 Rg6,75,"[6003, 6003, 5827, 5931, 5779, 5931, 5691, 5931, 5643, 5899, 5571, 5867, 5531, 5835, 5451, 5803, 5355, 5763, 5243, 5731, 5155, 5675, 5107, 5587, 4963, 5451, 4827, 5451, 4763, 5315, 4619, 5067, 4619, 5027, 4547, 4899, 4443, 4619, 4323, 4563, 4243, 4531, 4019, 4531, 3923, 4475, 3691, 4307, 3443, 4251, 3363, 4147, 3251, 4147, 3203, 3515, 2995, 3243, 2819, 3243, 2779, 2955, 2627, 2835, 2539, 2083, 2539, 2051, 2443, 1963, 2363, 1827, 2227, 1283, 2086, 859]"
nvybf9EQ,True,bullet,60,0,RebeccaHarris,DrNykterstein,3103,3180,white,resign,Four Knights Game,C47,6,e4 e5 Nf3 Nc6 Nc3 Nf6 Nd5 Nxe4 d4 d6 Bb5 Bd7 O-O Nf6 Bg5 Be7 Nxe7 Nxe7 dxe5 dxe5 Bc4 Ng6 Re1 O-O Nxe5 Nxe5 Rxe5 Bc6 Qxd8 Raxd8 Bxf6 gxf6 Re7 Rd2 Bd3 Rc8 Rae1 Kf8 h4 Re8 Rxe8+ Bxe8 f3 h6 Kh2 c5 b3 b5 Kg3 a5 Re4 Bc6 Rf4 Ke7 Rf5 c4 bxc4 bxc4 Bxc4 a4 Bd3 Rd1 Rc5 Kd6 Ra5 Ra1 Bc4 Rc1 Rh5 Rxc2 Bxf7 Bd7 Rxh6 Ke5 Rh5+ f5 Rg5 Kf6 Bd5 Rd2 Bc4 a3 Bg8 Bb5 Bb3 Bf1 Kf4 Rd4+ Ke3 Rxh4 Rg8 Rb4 Ra8 Bxg2 Rxa3 f4+ Kf2 Bh3 Ra6+ Ke5 Ra5+ Kd4 Ra4 Rxa4 Bxa4 Be6 a3 Bd7 Bxd7,109,"[6003, 6003, 5939, 6003, 5907, 5923, 5883, 5859, 5811, 5763, 5787, 5627, 5675, 5563, 5491, 5483, 5459, 5363, 5235, 5195, 4963, 5083, 4883, 4939, 4819, 4939, 4779, 4859, 4659, 4763, 4627, 4675, 4595, 4547, 4459, 4259, 4315, 4203, 3995, 4083, 3907, 4083, 3683, 3947, 3611, 3875, 3443, 3803, 3411, 3651, 3259, 3531, 3227, 3467, 3187, 3363, 3051, 3363, 3019, 3323, 2899, 3235, 2851, 3179, 2755, 3067, 2635, 3027, 2587, 2939, 2563, 2731, 2451, 2731, 2339, 2667, 2187, 2619, 2131, 2547, 2091, 2411, 2027, 2211, 1675, 2083, 1651, 1987, 1603, 1939, 1603, 1835, 1443, 1747, 1411, 1675, 1339, 1675, 1299, 1595, 1299, 1531, 1283, 1451, 1283, 1331, 1211, 1331, 1161, 994]"
5oquNjYQ,True,bullet,60,0,DrNykterstein,junglebook1,3187,3243,black,outoftime,Grünfeld Defense,D80,6,d4 Nf6 c4 g6 Nc3 d5 e4 dxe4 f3 exf3 Nxf3 Bg7 Bd3 Bg4 Be3 Nc6 Be2 O-O O-O Nd7 d5 Nce5 Nxe5 Bxe2 Nxf7 Bxd1 Nxd8 Rxf1+ Kxf1 Bc2 Nxb7 Rb8 Nc5 Nxc5 Bxc5 Bd3+ Kg1 Rxb2 Rc1 Bxc4 Bxa7 Bh6 Rd1 Rc2 Bd4 Bxa2 Nxa2 Rxa2 Be5 Be3+ Kh1 Bb6 h3 Re2 Bf4 Kf7 g4 Ke8 Rd3 Kd7 Rf3 Re1+ Kg2 Rd1 Bg3 Rxd5 Rf7 c5 Rxh7 c4 Bf4 c3 Rh8 Bc7 Be3 c2 Ra8 Rd1 Ra6 Bd6 Kf3 c1=Q Bxc1 Rxc1 h4 Rc3+ Kf2 Rh3 h5 gxh5 gxh5 Rxh5 Kf3 Rf5+ Ke4 Re5+ Kd4 Ke6 Ra8 Rc5 Ra6 Rd5+ Kc4 Re5 Kd4 Rh5 Kc4 Rh4+ Kd3 Rh5 Kd4 Rd5+ Ke4 Re5+ Kd4 Kf7 Ra8 Re6 Ra2 Rf6 Ke4 Rf4+ Kd5 Rf6 Kc6 Bf4+ Kd7 Bg5 Re2 Bf4 Rxe7+ Kf8 Re6 Rf7+ Re7 Bg5 Kd8 Bxe7+ Kd7 Bf6+ Ke6 Re7+ Kd5 Rf7 Ke4 Rg7 Kd5 Rg6,148,"[6003, 6003, 6003, 6003, 5947, 5947, 5947, 5899, 5803, 5747, 5803, 5731, 5739, 5563, 5603, 5443, 5483, 5371, 5387, 5091, 5307, 4851, 5227, 4851, 5179, 3667, 5075, 3667, 4979, 3555, 4803, 3443, 4587, 3347, 4587, 3259, 4307, 3259, 3955, 3195, 3843, 2771, 3691, 2707, 3595, 2435, 3595, 2419, 3547, 2179, 3459, 2083, 3331, 2043, 3163, 1995, 3091, 1947, 2619, 1891, 2547, 1443, 2475, 1435, 2419, 1371, 2379, 1339, 2283, 1307, 2203, 1251, 2171, 1123, 1979, 843, 1867, 783, 1707, 736, 1579, 666, 1507, 666, 1451, 666, 1339, 539, 1243, 539, 1227, 427, 1187, 427, 1179, 416, 1123, 416, 1027, 416, 1011, 387, 951, 387, 946, 359, 936, 359, 857, 359, 754, 359, 744, 359, 710, 357, 598, 322, 580, 322, 561, 316, 541, 306, 520, 252, 520, 252, 410, 219, 326, 159, 326, 158, 236, 158, 229, 101, 162, 101, 110, 101, 101, 100, 71, 100, 70, 94, 0]"
OJozkZH3,True,bullet,60,0,dr_xStranger,DrNykterstein,3064,3181,black,outoftime,Sicilian Defense: Alapin Variation,B22,3,e4 c5 c3 d6 d4 Nf6 Bd3 Nc6 Nf3 cxd4 cxd4 Bg4 d5 Bxf3 gxf3 Ne5 Bb5+ Ned7 Nc3 a6 Ba4 g6 f4 Bg7 e5 O-O exf6 Nxf6 O-O Rc8 Re1 b5 Bb3 Nh5 Qf3 Qd7 Be3 b4 Na4 Rc7 Rad1 Qf5 Nb6 Bxb2 Nc4 Bc3 Re2 Rfc8 Bc2 Qf6 Nb6 Rb8 Bd3 Be5 Nc4 Bxf4 Bxf4 Nxf4 Re4 Nxd5 Qxf6 Nxf6 Re2 Nd5 Red2 Nc3 Re1 d5 Na5 e6 Nb3 Rb6 Bf1 Kg7 f3 Ra7 Na5 Rc7 Nb3 g5 Kh1 h6 Rg2 Kf6 h4 a5 hxg5+ hxg5 Nxa5 Ra7 Nb3 Rxa2 Rxa2 Nxa2 Ra1 Nc3 Ra7 Rc6 Rb7 Nd1 Rxb4 Rc3 Kg2 Ne3+ Kf2 Nxf1 Kxf1 Rxf3+ Kg2 Rf4 Nd4 g4 Ra4 Kg5 Kg3 e5 Ra6 Rxd4 Kf2 f5 Ke3 Re4+ Kd2 Rf4 Kd3 Rf3+ Ke2 Kf4,128,"[6003, 6003, 5899, 6003, 5843, 5923, 5795, 5851, 5747, 5755, 5747, 5691, 5691, 5603, 5539, 5603, 5435, 5523, 5379, 5523, 5299, 5419, 5171, 5371, 5123, 5155, 5043, 5155, 4979, 5083, 4899, 5027, 4851, 5027, 4739, 4899, 4659, 4771, 4611, 4579, 4563, 4419, 4163, 4275, 4035, 4203, 3995, 3915, 3867, 3699, 3811, 3531, 3779, 3427, 3259, 3299, 2987, 3299, 2931, 3043, 2707, 3043, 2619, 2939, 2403, 2859, 2355, 2747, 2235, 2627, 2179, 2459, 2011, 2459, 1931, 2283, 1811, 2179, 1715, 2131, 1627, 2131, 1451, 2131, 1403, 1947, 1403, 1859, 1355, 1771, 1355, 1699, 1227, 1699, 1107, 1635, 1067, 1491, 988, 1387, 899, 1331, 723, 1235, 723, 1187, 634, 1187, 606, 1187, 548, 1035, 452, 899, 403, 735, 129, 640, 129, 553, 129, 495, 129, 482, 103, 451, 37, 451, 0]"
lUP0KiqC,True,bullet,60,0,DrNykterstein,alireza2003,3189,3222,black,resign,"Italian Game: Two Knights Defense, Modern Bishop's Opening",C55,8,e4 e5 Nf3 Nc6 Bc4 Nf6 d3 Be7 O-O O-O Re1 d6 a4 a5 Nc3 h6 h3 Re8 Be3 Bf8 Nd5 Nxd5 Bxd5 Ne7 Bb3 Ng6 d4 Qf6 c3 c6 Bc2 Be6 Qe2 Rad8 Rad1 Rd7 d5 cxd5 exd5 Bf5 Bxf5 Qxf5 Nd2 e4 Qg4 Qxg4 hxg4 Ne5 Nxe4 Nxg4 f3 Nxe3 Rxe3 Rde7 g4 h5 Rde1 hxg4 fxg4 Re5 Kg2 Rc8 Rd1 Rc4 Kf3 Rxa4 g5 Be7 Rd4 Rxd4 cxd4 Rf5+ Kg4 g6 Rb3 Rxd5 Rxb7 Rxd4 Rxe7 d5 Kf4 Rxe4+ Rxe4 dxe4 Kxe4 Kg7 Ke5 a4,88,"[6003, 6003, 5963, 5963, 5931, 5915, 5931, 5875, 5931, 5835, 5867, 5803, 5819, 5771, 5771, 5715, 5715, 5683, 5651, 5627, 5579, 5539, 5579, 5507, 5515, 5467, 5475, 5403, 5331, 5267, 5243, 5179, 5147, 4875, 5091, 4787, 4947, 4739, 4947, 4699, 4891, 4699, 4747, 4587, 4643, 4531, 4643, 4499, 4419, 4451, 4107, 4275, 4107, 4203, 4051, 3803, 3843, 3755, 3843, 3667, 3699, 3563, 3243, 3459, 3179, 3307, 3003, 3139, 2811, 2875, 2811, 2571, 2731, 2539, 2595, 2347, 2515, 2283, 2411, 2211, 2339, 2115, 2339, 2115, 2299, 1835, 2243, 1793, 2076]"
ovXf5I0A,True,bullet,60,0,Night-King96,DrNykterstein,3159,3180,black,outoftime,Rapport-Jobava System,D01,5,d4 Nf6 Nc3 d5 Bf4 a6 e3 h6 a3 e6 Nf3 Bd6 Ne5 Nc6 Bd3 Bxe5 Bxe5 Nxe5 dxe5 Nd7 f4 c5 Qh5 c4 Be2 Qb6 Nd1 Nc5 O-O Bd7 Rb1 Ba4 b3 cxb3 cxb3 Nxb3 f5 exf5 Qxf5 O-O Bd3 g6 Qf4 Qc7 Qxa4 Nd2 Qf4 Nxb1 Bxb1 Rae8 Qxh6 Qxe5 Rf3 d4 Rh3 Qg7 Qxg7+ Kxg7 Kf2 Rd8 e4 Rc8 Rb3 b5 Ke2 Rc1 Kd2 Rc5 Nf2 Rfc8 g3 Rc3 Rxc3 Rxc3 Nd3 Rxa3 Bc2 a5 e5 b4 Nf4 b3 Bb1 Ra1 Kc1 Ra4 Kb2 Rb4 Nd3 Rb5 Ka3 b2 Nxb2 a4 Bd3 Rb3+ Kxa4 Rc3 Kb4 Rc7 Bc4 Rb7+ Kc5 Rc7+ Kxd4 Rd7+ Kc3 Rc7 Nd3 Rd7 Nf4 Re7 Nd5 Rxe5 Ne3 Rxe3+ Kd4 Rf3 Bd5 Rf2 Kc5 Rc2+ Kd6 Rd2 Kd7 Rxh2 Ke7 Re2+,128,"[6003, 6003, 6003, 5979, 5971, 5923, 5915, 5803, 5843, 5691, 5811, 5643, 5723, 5539, 5643, 5387, 5571, 5259, 5571, 5235, 5523, 5091, 5379, 4963, 5299, 4923, 4923, 4859, 4835, 4811, 4635, 4707, 4531, 4595, 4531, 4547, 4315, 4251, 4315, 4171, 4203, 4059, 4091, 3219, 3931, 3155, 2987, 3059, 2867, 3011, 2507, 2923, 2411, 2811, 2283, 2771, 2091, 2771, 2035, 2667, 1939, 2563, 1803, 2427, 1763, 2355, 1699, 2283, 1611, 2275, 1451, 2219, 1267, 2219, 1115, 2139, 1075, 2083, 949, 2003, 862, 1907, 781, 1851, 702, 1467, 639, 1395, 560, 1347, 465, 1259, 377, 1219, 249, 1139, 198, 1131, 128, 1019, 128, 1003, 85, 1003, 85, 936, 67, 936, 60, 849, 60, 791, 60, 701, 60, 610, 60, 583, 60, 510, 60, 430, 60, 415, 54, 383, 54, 310, 0]"
KyVLw4xS,True,bullet,60,0,DrNykterstein,KonstantinKornienko,3181,3145,,draw,Zukertort Opening: Kingside Fianchetto,A04,2,Nf3 g6 c4 Bg7 Nc3 c5 d4 cxd4 Nxd4 Nf6 e4 Nc6 Be2 O-O Be3 d6 O-O Bd7 h3 Rc8 Rc1 Qa5 Nb3 Qd8 f4 a5 Nd4 Nxd4 Bxd4 Bc6 Bf3 Nd7 Bxg7 Kxg7 Qd2 Qb6+ Kh2 Rfd8 Nd5 Bxd5 exd5 Nf6 Rfe1 Rc7 b3 a4 Re3 axb3 axb3 Ra8 Rce1 Kf8 Qc3 Qa5 b4 Qa6 c5 dxc5 bxc5 Qa5 Qxa5 Rxa5 c6 bxc6 dxc6 Rc5 Rd1 e6 Red3 Nd5 Bxd5 exd5 Rxd5 Rxd5 Rxd5 Rxc6 g4 Kg7 Kg3 Rc3+ Kg2 h6 Rd2 Rb3 Rf2 Rb4 Rf3 Kf6 Kg3 Ra4 h4 Ra1 g5+ hxg5 fxg5+ Kg7 Rf4 Rg1+ Kf3 Ra1 Kg4 Ra3 Rf3 Ra1 Rf4 Rg1+ Kf3 Kf8 Rg4 Rf1+ Kg3 Ra1 Rf4 Kg7 Kg4,115,"[6003, 6003, 6003, 5995, 5923, 5995, 5859, 5995, 5819, 5963, 5747, 5963, 5603, 5915, 5491, 5859, 5411, 5827, 5339, 5803, 5227, 5739, 5091, 5611, 4995, 5427, 4827, 5315, 4827, 5291, 4739, 5259, 4595, 5259, 4419, 5123, 4299, 5067, 4219, 5011, 4219, 4971, 4099, 4931, 4027, 4875, 3907, 4819, 3907, 4395, 3859, 4283, 3427, 3907, 3171, 3507, 3099, 3291, 2971, 3235, 2227, 3235, 2155, 3139, 2155, 3059, 1963, 2955, 1915, 2843, 1763, 2843, 1747, 2843, 1715, 2843, 1643, 2811, 1571, 2779, 1523, 2755, 1451, 2707, 1451, 2667, 1435, 2643, 1435, 2595, 1371, 2539, 1307, 2403, 1307, 2371, 1243, 2331, 1243, 2323, 1195, 2283, 1107, 2259, 1107, 2227, 1043, 2195, 961, 2163, 896, 2163, 882, 2115, 882, 2113]"
oPmPGF8X,True,bullet,60,0,Zubrrr,DrNykterstein,2998,3196,white,resign,King's Indian Attack: Symmetrical Defense,A05,4,Nf3 Nf6 g3 g6 Bg2 Bg7 O-O O-O c4 d5 cxd5 Nxd5 Nc3 Nb6 d4 Nc6 e3 e5 Nxe5 Nxe5 dxe5 Bxe5 Qc2 c6 f4 Bg7 e4 Qd4+ Kh1 Be6 Rd1 Qc5 Qe2 Bxc3 Be3 Rad8 Bxc5,37,"[6003, 6003, 6003, 5987, 5971, 5987, 5931, 5987, 5883, 5971, 5803, 5963, 5771, 5963, 5619, 5963, 5523, 5843, 5467, 5755, 5467, 5731, 5379, 5667, 5307, 5539, 5171, 5435, 5091, 5331, 4971, 5203, 4827, 5003, 4707, 5003, 4584, 4817]"
bDRN4aOQ,True,bullet,60,0,DrNykterstein,dr_xStranger,3189,3069,white,outoftime,Zukertort Opening,A05,2,Nf3 Nf6 g3 e5 Bg2 e4 Nd4 d5 Nb3 Bd6 d3 exd3 cxd3 Nc6 O-O h6 Nc3 Be6 d4 O-O e4 Bb4 e5 Nd7 f4 Bxc3 bxc3 Bf5 Bxd5 Nb6 Bg2 Re8 g4 Be6 f5 Bd5 Nc5 Bxg2 Kxg2 Qd5+ Qf3 Qc4 Bf4 Nd5 Ne4 Rad8 Rae1 Qxa2+ Rf2 Qc4 g5 Nxc3 Qxc3 Qxc3 Nxc3 Rxd4 gxh6 gxh6 Ne4 Kh8 Nf6 Re7 e6 fxe6 Rxe6 Rg7+ Kh3 Rd3+ Kh4 Ne7 Bxh6 Rf7 Bg5 a5 Kg4 a4 Rfe2 Ng8 Re8 Rg7 R2e7 Rd4+ Kh5,83,"[6003, 6003, 6003, 5963, 5979, 5963, 5891, 5939, 5851, 5883, 5811, 5851, 5739, 5827, 5691, 5739, 5611, 5715, 5355, 5619, 5291, 5235, 5163, 5043, 5115, 4939, 5027, 4659, 4883, 4627, 4795, 4539, 4723, 4483, 4675, 4451, 4411, 4371, 4411, 4219, 4347, 4003, 3995, 3691, 3947, 3395, 3811, 3195, 3755, 3067, 3715, 2595, 3395, 2515, 3395, 2483, 3299, 2291, 3203, 2203, 3043, 2115, 2867, 2003, 2867, 1891, 2763, 1723, 2707, 1579, 2475, 1523, 2355, 924, 2227, 836, 2179, 705, 2051, 541, 1851, 256, 1787, 0]"
OwBe22yo,True,bullet,60,0,Zaven_ChessMood,DrNykterstein,3108,3192,,draw,Modern Defense: Pseudo-Austrian Attack,B06,7,e4 g6 d4 Bg7 Nc3 d6 f4 a6 Nf3 b5 Bd3 Nd7 Qe2 c5 e5 cxd4 Ne4 dxe5 fxe5 Nxe5 Nxe5 Bxe5 O-O Qc7 Bg5 f6 Bh4 Bb7 Rae1 O-O-O a4 b4 Bxa6 Nh6 Bxb7+ Kxb7 Qb5+ Ka7 Nc5 Qb6 Bf2 Qxb5 axb5 Kb6 Nd3 Rd5 Nxe5 fxe5 Rxe5 Rxe5 Bxd4+ Kxb5 Bxe5 Rc8 c3 Ng4 Bg7 b3 Rf4 Rc4 Rf8 Re4 Kf1 Ne3+ Kf2 Nd1+ Kf3 Re3+ Kf4 g5+ Kxg5 Kc4 Rf4+ Kd3 c4 e5 Rf8 Nxb2 c5 Nc4 c6 b2 Rb8 Re2 c7 Rxg2+ Kf6 Nd6 Rxb2 Rxb2 Ke6 Nc8 Bxe5 Re2 Kd7 Rxe5 Kxc8 Rc5 Kd7 Ke4 c8=Q Rxc8 Kxc8 Kf3 Kd7 Kg2 Ke6 h5 Kf5 Kxh2 Kg5 Kg3 Kxh5,113,"[6003, 6003, 5923, 6003, 5883, 5979, 5787, 5979, 5747, 5907, 5715, 5843, 5683, 5763, 5603, 5619, 5435, 5507, 5435, 5459, 5379, 5459, 5299, 4971, 5203, 4787, 5099, 4539, 4987, 4291, 4795, 4211, 4659, 4179, 4539, 4179, 4419, 4083, 4291, 3939, 3771, 3811, 3691, 3763, 3627, 3691, 3547, 3691, 3483, 3243, 3411, 3243, 3323, 3243, 3243, 3099, 3043, 3011, 2955, 2803, 2779, 2635, 2723, 2523, 2651, 2451, 2611, 2395, 2499, 2267, 2323, 2091, 2147, 1979, 2107, 1899, 1867, 1827, 1779, 1627, 1715, 1571, 1579, 1435, 1531, 1347, 1435, 1235, 1299, 1091, 1147, 1043, 1043, 951, 979, 881, 979, 833, 962, 789, 863, 789, 835, 735, 794, 511, 758, 435, 753, 293, 652, 195, 605]"
O79p4glP,True,bullet,60,0,DrNykterstein,chess-art-us,3183,3129,white,resign,"English Opening: King's English Variation, Four Knights Variation, Flexible Line",A28,7,c4 Nf6 Nc3 e5 Nf3 Nc6 d3 d5 cxd5 Nxd5 e4 Nxc3 bxc3 Be7 Be2 O-O O-O f5 Rb1 Kh8 exf5 b6 g4 Bb7 Nd2 Na5 Bf3 Qxd3 Bxb7 Nxb7 Qf3 Nc5 Qxd3 Nxd3 Ne4 Nc5 Nxc5 Bxc5 Re1 Rfe8 Be3 Bd6 Kg2 Kg8 h4 Kf7 h5 Rad8 Red1 Be7 Kf3 g6 hxg6+ hxg6 Rxd8 Rxd8 Ke4 gxf5+ Kxf5 Rd3 Rh1 Rxc3 Rh7+ Ke8 g5 Rc6 Kxe5 Rg6 Kf5 Rg8 f4 c5 Ke4 Kd7 f5 Kd6 Bf4+,77,"[6003, 6003, 6003, 5907, 5931, 5867, 5875, 5731, 5875, 5731, 5827, 5627, 5827, 5579, 5771, 5395, 5771, 5347, 5603, 5195, 5491, 4899, 5291, 4747, 5171, 4507, 5075, 4403, 4939, 4403, 4851, 4027, 4779, 4027, 4763, 3987, 4627, 3987, 4571, 3883, 4507, 3827, 4363, 3739, 4291, 3691, 4259, 3619, 3987, 3515, 3819, 2939, 3691, 2899, 3659, 2811, 3539, 2755, 3515, 2691, 3419, 2411, 3235, 2363, 3075, 2171, 2979, 2059, 2795, 1971, 2659, 1883, 2563, 1587, 2443, 1075, 2339, 1015]"
P8sDo8tc,True,bullet,60,0,Dragon700,DrNykterstein,2973,3177,black,resign,Modern Defense,B06,2,e4 g6 Nc3 Bg7 f4 c5 Nf3 d6 Bc4 Nc6 d3 e6 O-O Nge7 Qe1 O-O Bb3 d5 Kh1 b5 a4 c4 axb5 cxb3 bxc6 bxc2 Qf2 Nxc6 Qxc2 Nb4 Qe2 Ba6 Ne1 dxe4 Qxe4 Bxd3 Nxd3 Qxd3 Qxd3 Nxd3 Na4 Rac8 Be3 a5 Rfd1 Rfd8 Bb6 Rd5 Kg1 Nxb2 Rxd5 Nxa4 Rxa4 exd5 Rxa5 d4 Rd5 Bf6 Bxd4 Rc1+ Kf2 Rd1 Ke3 h5 Ke4 Bxd4 Rxd4 Rh1 h3 Rf1 Rd5 Kg7 Rg5 f5+ Ke3 h4 g3 hxg3 Rxg3 Kh6 Ke2 Rxf4 Ke3 Rf1 Ke2 Ra1 Ra3 Rxa3,88,"[6003, 6003, 5947, 6003, 5931, 5939, 5899, 5939, 5795, 5875, 5747, 5835, 5699, 5795, 5659, 5755, 5627, 5539, 5483, 5403, 5211, 5275, 5083, 5211, 5043, 5211, 4835, 5083, 4763, 5043, 4699, 4947, 4555, 4867, 4395, 4795, 4299, 4795, 4131, 4795, 3859, 4643, 3803, 4499, 3571, 4331, 3475, 4195, 3219, 4043, 2923, 3811, 2843, 3747, 2811, 3451, 2707, 3315, 2571, 3219, 2507, 3219, 2395, 3107, 2155, 3019, 2091, 2931, 2003, 2875, 1843, 2811, 1787, 2699, 1683, 2587, 1539, 2587, 1491, 2547, 1411, 2459, 1371, 2339, 1275, 2235, 1275, 2130, 1215]"
GILE0fmS,True,bullet,60,0,DrNykterstein,junglebook1,3187,3242,black,outoftime,"Italian Game: Classical Variation, Giuoco Pianissimo",C54,12,e4 e5 Nf3 Nc6 Bc4 Bc5 d3 Nf6 O-O d6 c3 O-O b4 Bb6 a4 a5 b5 Ne7 Be3 Bxe3 fxe3 Ng6 Nbd2 Be6 Bxe6 fxe6 d4 Qe7 Qb3 h6 h3 Kh7 Rf2 Nh5 Kh2 Rf7 Raf1 Raf8 Qc4 b6 Qe2 exd4 cxd4 e5 Nc4 exd4 exd4 Nhf4 Qe3 d5 exd5 Nxd5 Qd3 Nf4 Qc2 Kh8 Nfe5 Rf6 Rxf4 Nxf4 Rxf4 Qe8 Rxf6 Rxf6 Ne3 Qe6 Qxc7 Rf2 N3g4 Ra2 Qc6 Qf5 Qf3 Qxf3 Nxf3 Rxa4 d5 Ra1 d6 Rd1 Nfe5 a4 Ne3 Rd4 d7 Kh7 Nc2 Rd2 Na3 g5 Nac4 Rd1 Nxb6 a3 Na4 a2 Nc3 a1=Q Nxd1 Qxe5+ Kg1 Qd6 Kf2 Qxd7 Ne3 Qf7+ Ke2 Qe7 g3 Qb7 Kf2 Qb6 Ke2 Qxb5+ Kf3 Qb6 Ke2 Qa6+ Kf2 Qb7 Ke2 Qa7 Kf3 Qc7 Kf2 Qd7,126,"[6003, 6003, 6003, 5979, 5939, 5803, 5939, 5771, 5899, 5731, 5739, 5667, 5643, 5619, 5643, 5555, 5587, 5531, 5547, 5363, 5547, 5347, 5483, 5307, 5387, 5307, 5323, 5259, 5147, 5171, 5067, 5131, 5011, 5003, 4819, 4587, 4675, 4547, 4603, 4459, 4491, 4219, 4315, 4187, 3899, 4003, 3803, 3771, 3683, 3667, 3683, 3651, 3387, 3451, 3291, 3115, 3211, 2723, 3043, 2435, 2995, 2323, 2835, 2323, 2779, 2235, 2643, 1891, 2499, 1803, 2267, 1539, 1699, 1475, 1387, 1475, 1331, 1123, 1235, 1067, 1131, 726, 1059, 421, 933, 366, 807, 305, 694, 273, 694, 233, 567, 163, 491, 116, 491, 89, 432, 89, 341, 89, 331, 49, 267, 49, 255, 49, 210, 49, 134, 49, 129, 44, 106, 44, 86, 44, 73, 43, 49, 43, 34, 43, 14, 43, 0]"
ony4vIqh,True,bullet,60,0,Katarina0TP,DrNykterstein,3059,3179,black,resign,Alekhine Defense: Brooklyn Variation,B02,4,e4 Nf6 e5 Ng8 d4 d6 exd6 exd6 Nf3 Be7 Bd3 Nf6 O-O O-O h3 d5 Re1 c6 Bf4 Nbd7 Nbd2 Re8 c3 Nf8 Ne5 Ng6 Nxg6 hxg6 Nf3 Bd6 Bxd6 Rxe1+ Qxe1 Qxd6 Qe5 Qxe5 Nxe5 Bf5 Bxf5 gxf5 Re1 Ne4 f3 Nd6 Nd3 Kf8 Kf2 f6 Nc5 Kf7 Re6 Rd8 Re2 a5 a4 b6 Ne6 Rc8 Nf4 g5 Nd3 c5 dxc5 bxc5 Rd2 Nc4 Rd1 f4 b4 Ne3 Rd2 c4 Nc5 axb4 cxb4 c3 Rd3 c2 Rc3 Nd1+,80,"[6003, 6003, 5931, 5931, 5931, 5899, 5899, 5779, 5899, 5715, 5867, 5707, 5803, 5707, 5739, 5707, 5707, 5699, 5635, 5643, 5595, 5603, 5531, 5563, 5451, 5491, 5411, 5491, 5371, 5395, 5195, 5259, 5195, 5211, 5163, 5115, 5163, 5059, 5091, 5059, 5027, 4979, 4955, 4835, 4715, 4747, 4643, 4643, 4539, 4579, 4291, 4427, 4267, 4371, 4179, 4283, 4043, 4059, 4043, 3963, 3899, 3883, 3787, 3883, 3763, 3747, 3715, 3611, 3507, 3347, 3347, 3171, 3059, 3123, 3059, 3083, 2931, 3019, 2891, 2917, 2773]"
7QfHIkvB,True,bullet,60,0,junglebook1,DrNykterstein,3241,3177,,draw,"Queen's Gambit Declined: Vienna Variation, Quiet Variation",D37,9,d4 d5 Nf3 e6 c4 Nf6 Nc3 dxc4 e3 a6 a4 c5 Bxc4 Nc6 O-O cxd4 exd4 Be7 Qe2 O-O Rd1 Nb4 Bg5 Bd7 Ne5 Bc6 Ra3 Rc8 Nxc6 Rxc6 Rb3 a5 h3 h6 Bf4 Nfd5 Nxd5 exd5 Bb5 Rg6 Rg3 Rxg3 Bxg3 Bd6 Qf3 Bxg3 Qxg3 Qf6 Qc7 b6 Qe5 Qxe5 dxe5 Rc8 Rd2 g5 g3 f6 e6 Kf8 f4 gxf4 gxf4 Ke7 f5 Rc1+ Kf2 Rc2 Ke3 Rxd2 Kxd2 Kd6 Kc3 Na2+ Kb3 Nb4 Kc3 Na2+ Kb3 Nb4 Kc3,81,"[6003, 6003, 6003, 5971, 5971, 5955, 5963, 5891, 5899, 5795, 5867, 5691, 5835, 5691, 5755, 5635, 5723, 5579, 5651, 5539, 5595, 5443, 5507, 5395, 5459, 5339, 5363, 5259, 5139, 5083, 5099, 4979, 4987, 4907, 4907, 4771, 4859, 4699, 4795, 4587, 4611, 4483, 4611, 4443, 4395, 4323, 4395, 4243, 4243, 4243, 4123, 4051, 4123, 4003, 4027, 3875, 3931, 3739, 3155, 3595, 3123, 3315, 3123, 3219, 3067, 3067, 2899, 3067, 2507, 2931, 2507, 2779, 2155, 2699, 2011, 2699, 1971, 2611, 1875, 2611, 1609, 2615]"
CGxkqUqp,True,bullet,60,0,DrNykterstein,moshakvar,3173,2875,white,resign,"Sicilian Defense: Accelerated Dragon, Modern Bc4 Variation",B35,13,Nf3 c5 e4 g6 Nc3 Bg7 d4 cxd4 Nxd4 Nc6 Be3 Nf6 Bc4 Qa5 O-O d6 h3 O-O Bb3 Bd7 Re1 Rfe8 Nf3 Rac8 Ng5 Rf8 f4 a6 Qe2 Qc7 Rad1 Na5 e5 dxe5 fxe5 Qxe5 Nd5 Nxb3 Nf3 Qe4 Nxf6+ Bxf6 Rxd7 Rxc2 Qd1 Rxb2 axb3 Qe6 Bh6,49,"[6003, 6003, 5851, 5859, 5851, 5787, 5795, 5787, 5771, 5771, 5683, 5723, 5571, 5651, 5427, 5603, 5331, 5563, 5251, 5523, 5195, 5251, 5147, 5099, 5075, 4843, 4923, 4507, 4683, 4051, 4611, 3979, 4427, 3667, 4307, 3563, 3939, 3195, 3859, 2667, 3619, 2667, 3451, 2483, 3395, 1379, 3283, 1323, 3086, 1088]"
xaFdRV7l,True,bullet,60,0,KAPUTVSEMU,DrNykterstein,2953,3167,black,resign,Queen's Pawn Game: London System,D02,5,Nf3 d5 d4 Nf6 Bf4 c5 e3 cxd4 exd4 Nc6 Nbd2 Bf5 c3 e6 Qb3 Qc8 Bb5 Be7 Ne5 O-O O-O Nxe5 Bxe5 Nd7 Bxd7 Qxd7 Rfe1 f6 Bg3 b5 a3 a5 Qd1 Rac8 Rc1 b4 axb4 axb4 c4 dxc4 Nxc4 Rfd8 Ne3 Rxc1 Qxc1 Bg6 d5 e5 Rd1 Rc8 Qa1 Bc5 h3 h6 Kh2 Be4 Qa5 Kh7 Rc1 Bxe3 Rxc8 Qxc8 Qxb4 Bd4,64,"[6003, 6003, 5971, 5947, 5947, 5851, 5915, 5811, 5859, 5811, 5827, 5755, 5795, 5699, 5763, 5651, 5715, 5555, 5627, 5483, 5539, 5387, 5467, 5387, 5315, 5299, 5299, 5251, 5219, 5203, 5131, 5115, 5075, 5035, 4979, 4987, 4835, 4987, 4795, 4875, 4795, 4787, 4411, 4787, 4339, 4715, 4203, 4651, 3899, 4555, 3763, 4491, 3603, 4403, 3563, 4299, 3459, 4019, 3395, 3891, 3291, 3891, 2843, 3812, 2735]"
RaZzgXoN,True,bullet,60,0,DrNykterstein,moshakvar,3189,2872,black,mate,"English Opening: Symmetrical Variation, Mecking Variation",A39,13,Nf3 g6 g3 c5 Bg2 Bg7 O-O Nc6 c4 Nf6 Nc3 O-O d4 cxd4 Nxd4 Qa5 Nc2 d6 h3 Be6 Ne3 Rfc8 Bd2 Rab8 Ncd5 Qd8 Bc3 Bxd5 cxd5 Ne5 Rc1 Ned7 Qd2 a6 Kh2 Ne8 Bxg7 Kxg7 h4 h5 Bh3 Nef6 g4 hxg4 Nxg4 Rxc1 Rxc1 Nxg4+ Bxg4 Nf6 Bh3 Qb6 Kg2 Rh8 Rc4 Rh5 e4 Re5 f3 Rh5 Qf2 Qxf2+ Kxf2 Rxh4 Kg3 g5 Rc7 Nh5+ Kf2 Rxh3 Rxe7 Nf4 Rxb7 Rh2+ Ke3 Re2+ Kd4 Rf2 Ke3 Rc2 a4 a5 Rb6 f6 Rc6 Rxb2 Rxd6 Kg6 e5 Kf5 e6 Ke5 e7 Re2#,94,"[6003, 6003, 6003, 5947, 6003, 5891, 6003, 5875, 5979, 5843, 5979, 5819, 5915, 5819, 5891, 5803, 5771, 5675, 5603, 5539, 5483, 5475, 5435, 5411, 5299, 5371, 5251, 5283, 5251, 5203, 4955, 4979, 4715, 4859, 4515, 4819, 4387, 4803, 4315, 4579, 4227, 4539, 3803, 4403, 3803, 4315, 3691, 4251, 3595, 4203, 3539, 4131, 3395, 4083, 3147, 3931, 2883, 3843, 2675, 3795, 2459, 3499, 2459, 3475, 2427, 3339, 2355, 3283, 2283, 3211, 2283, 3083, 2187, 3035, 2139, 2963, 1915, 2939, 1835, 2755, 1667, 2643, 1595, 2547, 1515, 2475, 1443, 2395, 1307, 2307, 1179, 2131, 1047, 2059]"
M6eLBiFH,True,bullet,60,0,DrNykterstein,Mamikon_Gharibyan,3181,3048,white,mate,Lasker Simul Special,A00,2,g3 h5 Bg2 h4 Nf3 h3 Bf1 d5 d3 Nc6 d4 Nf6 Nc3 Bf5 Bf4 e6 a3 Bd6 e3 Ne4 Bd3 Nxc3 bxc3 Bg4 Be2 Bxf3 Bxf3 Na5 O-O Bxf4 exf4 g6 Re1 Qf6 Bxd5 Kf8 Ba2 Kg7 Qf3 Rad8 Re5 b6 Rae1 c5 Bxe6 cxd4 Bxf7 dxc3 Bd5 Rd7 f5 Rhd8 g4 Qg5 fxg6 Qxg6 Re7+ Rxe7 Rxe7+ Kh6 Qxh3+ Kg5 Qe3+ Kxg4 Qg3+ Kh5 Re5+ Kh6 f4 Qxg3+ hxg3 b5 Kf2 Nc4 Bxc4 bxc4 g4 Rd2+ Re2 Rd4 Kf3 Rd7 Re6+ Kg7 f5 Rd2 Re2 Kf6 Ke3 Rxe2+ Kxe2 Kg5 Ke3 a5 a4 Kf6 Kf4 Kg7 g5 Kf7 f6 Kf8 Kf5 Kg8 g6 Kf8 Ke6 Ke8 g7 Kd8 g8=Q+ Kc7 Qe8 Kb6 Qd7 Kc5 f7 Kb4 f8=Q#,119,"[6003, 6003, 6003, 5963, 5915, 5891, 5875, 5891, 5795, 5843, 5635, 5763, 5531, 5723, 5459, 5683, 5307, 5627, 5211, 5307, 5099, 5043, 5003, 5043, 4811, 4947, 4731, 4875, 4603, 4787, 4483, 4747, 4435, 4643, 4307, 4531, 4163, 4451, 4107, 4363, 3947, 4323, 3795, 4267, 3683, 4067, 3427, 3771, 3227, 3603, 3091, 3131, 2947, 2731, 2643, 2243, 2555, 2019, 2555, 1995, 2435, 1891, 2299, 1747, 2219, 1675, 1947, 1587, 1587, 1435, 1587, 1403, 1523, 1339, 1459, 1243, 1419, 1179, 1379, 1147, 1307, 1147, 1187, 1043, 1187, 956, 1147, 891, 956, 806, 873, 806, 801, 806, 712, 754, 667, 754, 645, 754, 622, 680, 622, 678, 457, 645, 408, 645, 395, 611, 333, 611, 314, 550, 314, 469, 269, 469, 257]"
eWcl7RsZ,True,bullet,60,0,royalchesssamarkand,DrNykterstein,3132,3169,black,mate,Modern Defense,A41,6,c4 g6 Nc3 Bg7 d4 d6 Nf3 e5 dxe5 dxe5 Qxd8+ Kxd8 g3 c6 Bg2 Kc7 O-O f6 b4 Be6 Ba3 Bxc4 Nd2 Be6 Rfc1 Bf8 Nd5+ Bxd5 Bxd5 a5 Rab1 axb4 Bxb4 Bxb4 Rxb4 Ne7 Bb3 Na6 Rbc4 Rhd8 Ne4 Nd5 f4 exf4 gxf4 Re8 Kf2 Rad8 e3 f5 Rd4 Nxe3 Rxd8 Ng4+ Kg3 Rxd8 Ng5 Rd3+ Kg2 Rd2+ Kg3 Rxh2 Ne6+ Kb6 Rb1 Ka7 Nd8 Nc5 Bd1 Ne4+ Kf3 Rf2#,72,"[6003, 6003, 5947, 5987, 5915, 5963, 5883, 5923, 5779, 5923, 5707, 5915, 5579, 5787, 5483, 5715, 5339, 5651, 5291, 5595, 5235, 5475, 5163, 5379, 5107, 5227, 4755, 5067, 4755, 5019, 4539, 4851, 4539, 4787, 4539, 4715, 4379, 4627, 4283, 4363, 4243, 4323, 4003, 4219, 4003, 4115, 3851, 4027, 3675, 3691, 3099, 3371, 2939, 3283, 2835, 3283, 2779, 3171, 2747, 3115, 2667, 3027, 2515, 2971, 2459, 2907, 2331, 2731, 2291, 2595, 2258, 2589]"
6lXVH00K,True,bullet,60,0,Lord_Maxik,DrNykterstein,2958,3162,black,outoftime,Queen's Gambit Declined: Charousek Variation,D31,6,d4 d5 c4 e6 Nc3 Be7 cxd5 exd5 Bf4 c6 e3 Bd6 Nge2 Bxf4 Nxf4 Bf5 Bd3 Bxd3 Nxd3 Nd7 O-O Ngf6 b4 O-O a4 Re8 b5 Rc8 bxc6 Rxc6 Na2 Ne4 Rc1 Rh6 Nab4 Qh4 h3 Ndf6 Qf3 Nd2 Qf5 g6 Qf4 Nxf1 Kxf1 g5 Qxh4 Rxh4 Rc7 g4 hxg4 Rh1+ Ke2 Ra1 Rxb7 a5 Nc6 Rxa4 g5 Ra2+ Kf3 Ne4 Ne7+ Kf8 Nxd5 Rd2 Ne5 Nxg5+ Kg4 h6 f4 Rxg2+ Kf5 Rf2 Nf6 Ra8 Nfg4 Rf1 Nxh6 Ra6 Kxg5 Rg1+ Nhg4 f6+ Kf5 fxe5 Nxe5 a4 Rb8+ Ke7 Rb7+ Kd8 d5 a3 Nc6+ Kc8 Re7 a2 Na7+ Rxa7 Rxa7 a1=Q Rxa1 Rxa1 e4 Kd7 Ke5 Rd1 f5 Rd2 f6 Rf2,112,"[6003, 6003, 5947, 5979, 5915, 5899, 5771, 5899, 5707, 5867, 5683, 5795, 5531, 5691, 5531, 5619, 5491, 5579, 5427, 5531, 5403, 5499, 5379, 5499, 5347, 5243, 5283, 5203, 5091, 5203, 4851, 5019, 4723, 4915, 4603, 4771, 4555, 4627, 4387, 4467, 3779, 4323, 3339, 4155, 2803, 4059, 2659, 4059, 2571, 3979, 2427, 3875, 2387, 3851, 2179, 3547, 1843, 3299, 1811, 3219, 1731, 3219, 1667, 3027, 1667, 2963, 1499, 2787, 1475, 2683, 1387, 2563, 1355, 2003, 1211, 1827, 1155, 1691, 1115, 1347, 777, 1291, 737, 1219, 713, 1219, 710, 1123, 661, 1051, 661, 1011, 464, 929, 289, 833, 129, 771, 103, 688, 27, 688, 24, 598, 24, 568, 24, 470, 24, 470, 20, 419, 0]"
OfNq3gH6,True,bullet,60,0,DrNykterstein,KonstantinKornienko,3147,3155,white,resign,King's Indian Attack: Wahls Defense,A05,10,Nf3 g6 g3 Bg7 Bg2 d5 O-O Nf6 d3 O-O Nbd2 d4 e4 dxe3 fxe3 c5 h3 Nc6 Kh2 Nd5 Qe2 b6 a4 Ba6 Nc4 Qd7 e4 Ndb4 Bf4 Rad8 Rad1 Na5 Nfe5 Qxa4 b3 Qa2 Rd2 Nxc4 Nxc4 Bxc4 bxc4 Bc3 Rfd1 Bxd2 Rxd2 Qa3 e5 Qa4 Bh6 Rfe8 Qf3 Qd7 Rf2 Qe6 h4 Nc6 Qxc6 Qxe5 Bd5 e6 Qb7 f5 Bc6 Rb8 Qxa7 Qd4 Re2 Rec8 Bd7 Rd8 Bxe6+ Kh8 Bf4 Ra8 Qc7,75,"[6003, 6003, 6003, 5995, 5891, 5963, 5891, 5931, 5851, 5875, 5851, 5835, 5851, 5803, 5787, 5803, 5579, 5771, 5539, 5683, 5251, 5539, 5179, 5483, 5035, 5387, 4755, 5315, 4571, 5219, 4459, 5043, 4195, 4739, 4131, 4531, 4043, 4427, 4043, 4355, 3931, 4307, 3851, 4235, 3851, 3915, 3787, 3555, 3651, 3483, 3507, 3435, 3403, 3387, 3371, 3307, 3187, 3131, 2939, 3035, 2859, 2707, 2595, 2411, 2499, 2355, 2339, 2307, 1907, 2195, 1779, 2171, 1715, 2011, 1537, 1695]"
p8t7n1h4,True,bullet,60,0,dr_xStranger,DrNykterstein,3061,3166,white,resign,Modern Defense: Pseudo-Austrian Attack,B06,7,d4 g6 Nc3 Bg7 e4 d6 f4 a6 Nf3 b5 Bd3 Nd7 Qe2 c5 dxc5 Nxc5 O-O Nf6 e5 Nfd7 exd6 e6 Be3 Bb7 Rad1 Nxd3 Qxd3 O-O Ne4 Rc8 c3 Rc4 Ned2 Rc6 Nb3 h6 Rfe1 Ba8 Bf2 Nf6 Ne5 Rc8 d7 Rc7 Bb6 Bd5 Bxc7 Qxc7 Nd4 Nxd7 Nxd7 Qxd7 Qe3 Qc7 a3 a5 Nf3 b4 axb4 axb4 cxb4 Rb8 Qc5 Qxf4 Nd4 Qg4 Rd2 Bf8 Qc7 Rxb4 Nc6 Re4 Rf1 e5 Rxd5 Re2 Qxf7+,77,"[6003, 6003, 5963, 5923, 5939, 5923, 5875, 5891, 5843, 5779, 5819, 5731, 5795, 5651, 5723, 5651, 5635, 5555, 5539, 5467, 5451, 5387, 5243, 5299, 5139, 5195, 5139, 5139, 5091, 5083, 5011, 4955, 4859, 4739, 4779, 4507, 4587, 4219, 4515, 4107, 4443, 4043, 4363, 3947, 4195, 3891, 4083, 3891, 3347, 3819, 3339, 3795, 3291, 3651, 3195, 3523, 3147, 3403, 3147, 3387, 3099, 3275, 2875, 3163, 2643, 3027, 2579, 2883, 2395, 2803, 2339, 2555, 2203, 2499, 1995, 2363, 1848, 2185]"
zhHaWEYx,True,bullet,60,0,DrNykterstein,junglebook1,3180,3223,black,resign,Vienna Game: Paulsen Variation,C25,5,e4 e5 Nc3 Nc6 g3 Nf6 Bg2 Bb4 d3 d5 exd5 Nxd5 Ne2 Nxc3 bxc3 Bc5 O-O O-O Be3 Bb6 c4 Re8 c5 Ba5 h3 Bf5 g4 Be6 Ng3 Qd7 Rb1 Rab8 Ne4 f5 gxf5 Bxf5 Kh2 Nd4 c3 Ne6 Rg1 Kh8 Qh5 Rf8 c6 Qxc6 Ng3 Bg6 Qxe5 Bxc3 Bxc6 Bxe5 Bxb7 Bxd3 Rbd1 Rxb7 Rxd3 Rb2 Ra3 Nd4 Rd1 Nf3+ Kg2 Nh4+ Kh1 Bxg3 fxg3 Nf3 Bg1 Nxg1 Kxg1 h6 Rxa7 Rff2 Rxc7 Rg2+ Kf1 Rxg3 a4 Ra2 Rd4 Rxh3 Kg1 Rg3+ Kh1 Rb3 Rc1 Rh3+ Kg1 Rg3+,90,"[6003, 6003, 5891, 6003, 5867, 5899, 5867, 5859, 5795, 5755, 5739, 5755, 5691, 5691, 5587, 5667, 5563, 5611, 5459, 5531, 5379, 5491, 5291, 5459, 5187, 5395, 5131, 5331, 5131, 5251, 5059, 5019, 4875, 4675, 4787, 4675, 4715, 4531, 4595, 4379, 4491, 4243, 4307, 4147, 4251, 3651, 4147, 3339, 3707, 3075, 3139, 2971, 3139, 2883, 3019, 2707, 2939, 2707, 2731, 2355, 2555, 2123, 2459, 2091, 2395, 1859, 2395, 1811, 2227, 1779, 2131, 1731, 1995, 1691, 1915, 1659, 1771, 1635, 1587, 1563, 1299, 1467, 1171, 1403, 1075, 1331, 977, 1235, 882, 1239, 655]"
iURTZvqA,True,bullet,60,0,DrNykterstein,chess-art-us,3165,3137,white,resign,Hungarian Opening: Indian Defense,A00,2,g3 Nf6 Bg2 d5 Nf3 g6 O-O Bg7 c4 d4 d3 c5 b4 cxb4 a3 bxa3 Bxa3 Nc6 Nbd2 O-O Qa4 Re8 Rfb1 e5 Ng5 h6 Nge4 Nxe4 Nxe4 Bf8 Bxf8 Rxf8 Qa3 Kg7 Nd6 Qe7 Bxc6 bxc6 Nf5+,39,"[6003, 6003, 6003, 5955, 5955, 5835, 5955, 5795, 5931, 5707, 5835, 5635, 5787, 5539, 5747, 5451, 5619, 5395, 5619, 5323, 5523, 5251, 5459, 5187, 5395, 5027, 5323, 4931, 5323, 4883, 5203, 4883, 5115, 4715, 5027, 4491, 4851, 4331, 4794, 3632]"
w0kyVgi1,True,bullet,60,0,KAPUTVSEMU,DrNykterstein,2944,3192,white,outoftime,London System,A48,8,d4 g6 Nf3 Bg7 Bf4 d6 e3 Nf6 h3 O-O Bc4 b6 O-O e6 Qe2 Bb7 Rd1 a6 Nc3 b5 Bb3 Nbd7 a3 Re8 Bh2 Qe7 e4 c5 e5 dxe5 dxe5 Nh5 Ne4 c4 Ba2 Bxe4 Qxe4 Nc5 Qe2 Bf8 c3 Rad8 Rd6 Qb7 Rad1 Bxd6 exd6 f6 g4 Ng7 g5 Qe4 Qxe4 Nxe4 gxf6 Nxf6 Bb1 Nf5 Be5 Nd5 Bxf5 gxf5 Nd4 Kf7 f4 Rd7 Kf2 Nf6 Nf3 Ne4+ Ke3 Rg8 Ng5+ Nxg5 fxg5 Rxg5 Kf4 Rg2 h4 Rg4+ Kf3 Rxh4 Rg1 Rg4 Rh1 Kg6 a4 bxa4 Ra1 h5 Rxa4 Re4 Ra5 h4 Bh2 e5 Bxe5 h3 Bf4 Rxf4+ Kxf4 h2 Ra1 Rxd6 Rh1 Rd2 Kg3 Rxb2 Kf3 Kg5 Kg3 f4+ Kf3 Kf5 Rxh2 Rb3 Rh5+ Ke6 Ke4 Kd6 Rh6+ Kc5 Kxf4 Kb5 Ke4 Rxc3 Kd4 Kb4 Ke4 Rd3 Rb6+ Kc3 Rxa6 Rd4+ Ke3 Rd3+ Ke2 Kc2 Ra2+ Kb3 Ra1 Kc3 Rb1 Kd4 Rc1 Re3+ Kd2 Rd3+ Ke2 Rc3 Rd1+ Rd3 Rf1 Re3+ Kd2 Rd3+ Kc2 Rc3+ Kb2 Rd3 Rf3 Kc5 Rxd3 Kb4 Rc3 Kc5 Kc2 Kd4 Re3,169,"[6003, 6003, 5987, 5987, 5931, 5987, 5907, 5899, 5883, 5899, 5835, 5867, 5803, 5803, 5803, 5771, 5723, 5715, 5691, 5611, 5651, 5571, 5571, 5411, 5499, 5315, 5459, 5043, 5371, 4931, 5323, 4659, 5251, 4595, 5203, 4491, 5203, 4443, 5131, 4355, 5075, 4219, 4979, 4059, 4891, 3923, 4811, 3851, 4531, 3739, 4491, 3523, 4211, 3523, 4179, 3475, 4051, 3387, 3955, 3187, 3731, 3187, 3515, 3059, 3459, 2723, 3387, 2595, 2851, 2499, 2827, 2459, 2371, 2323, 2371, 2283, 2299, 2163, 2259, 2051, 2179, 2019, 2139, 1955, 2123, 1907, 1963, 1803, 1835, 1755, 1771, 1755, 1635, 1635, 1579, 1515, 1443, 1275, 1387, 1155, 1387, 1123, 1331, 1083, 1323, 990, 1275, 924, 1275, 832, 1275, 771, 1275, 729, 1227, 650, 1179, 650, 1147, 650, 1107, 575, 1107, 571, 1099, 487, 1099, 444, 1099, 403, 1019, 383, 989, 328, 947, 221, 947, 211, 883, 211, 852, 207, 807, 207, 758, 207, 711, 207, 683, 202, 613, 157, 613, 145, 571, 145, 566, 117, 491, 117, 437, 117, 371, 117, 292, 48, 292, 38, 273, 0]"
Kmr7r6wh,True,bullet,60,0,DrNykterstein,dr_xStranger,3180,3059,white,outoftime,Zukertort Opening,A05,2,Nf3 Nf6 g3 e5 Bg2 e4 Nd4 d5 Nb3 Bd6 d3 Nc6 dxe4 dxe4 Nc3 Bf5 Bg5 h6 Bxf6 Qxf6 Nxe4 Bxe4 Bxe4 O-O-O Qc1 Rhe8 Bg2 g5 e3 Ne5 O-O g4 Nd4 Bc5 c3 Bxd4 cxd4 Nf3+ Bxf3 gxf3 Qc5 Kb8 Rac1 c6 Qh5 Rd5 Qh3 h5 Rc5 Rxc5 dxc5 Qe5 b4 Qd5 Qh4 Ka8 Qf4 a6 h4 Rg8 a3 Rg4 Qf6 Qe4 Qxf7 Ka7 Qc7 Rg8 Qf4 Qd5 e4 Qd3 Re1 Re8 e5 Qxa3 Re3 Qa1+ Kh2 Qf1 Qxf3 Qb1 e6 Qxb4 Qxh5 Qd2 Qf5 Rd8 e7 Re8 Qf7,91,"[6003, 6003, 6003, 5955, 6003, 5955, 5851, 5931, 5803, 5875, 5803, 5819, 5731, 5819, 5643, 5707, 5555, 5667, 5483, 5667, 5427, 5571, 5427, 5507, 5235, 4811, 5115, 4451, 4995, 4323, 4803, 4291, 4659, 4187, 4579, 4075, 4579, 4043, 4507, 4043, 4419, 3827, 4315, 3795, 4091, 3699, 4019, 3587, 3923, 3515, 3923, 3315, 3787, 3219, 3515, 3051, 3419, 2891, 3347, 2643, 3011, 2339, 2915, 2219, 2419, 1643, 2307, 1267, 2155, 1155, 2091, 1099, 1995, 937, 1915, 826, 1859, 731, 1803, 587, 1731, 460, 1643, 373, 1443, 297, 1371, 181, 1291, 181, 1236, 0]"
JlEpkyk3,True,bullet,60,0,KonstantinKornienko,DrNykterstein,3161,3162,black,resign,Queen's Pawn Game: Modern Defense,A40,2,d4 g6 Nf3 Bg7 e4 Nf6 e5 Nd5 Bc4 Nb6 Bb3 d6 exd6 cxd6 O-O O-O c3 Nc6 Bg5 h6 Bh4 g5 Bg3 Kh8 Re1 f5 h3 f4 Bh2 e5 dxe5 dxe5 Nbd2 Bf5 Bc2 Qd7 Ne4 Qxd1 Raxd1 Rad8 Bb1 Na4 b3 Rxd1 Rxd1 Bxe4 bxa4 Bxb1 Rxb1 Rd8 Kf1 e4 Ne1 Bxc3 Ke2 Rd2+ Kf1 Rxa2 h4 Ra1 Rxa1 Bxa1 Nc2 Bc3 hxg5 hxg5 g4,67,"[6003, 6003, 5947, 5995, 5923, 5963, 5883, 5891, 5883, 5795, 5859, 5747, 5859, 5659, 5811, 5619, 5811, 5563, 5779, 5467, 5731, 5331, 5675, 5291, 5627, 5211, 5531, 5147, 5507, 5107, 5483, 5099, 5459, 4987, 5419, 4859, 5291, 4715, 5211, 4699, 5083, 4547, 4075, 4347, 3795, 4283, 3755, 4195, 3755, 4123, 3507, 4051, 3467, 3995, 3435, 3891, 3435, 3843, 3243, 3499, 3147, 3499, 3131, 3387, 3131, 3339, 3100, 3219]"
oaByoGQT,True,bullet,60,0,DrNykterstein,toivok3,3144,3102,white,resign,King's Indian Attack,A07,3,Nf3 d5 g3 Nd7 Bg2 Ngf6 O-O e6 d3 Be7 c4 dxc4 dxc4 O-O Nc3 c6 Qc2 Qc7 Rd1 b6 Bf4 e5 Be3 Bb7 h3 Rad8 Nh4 g6 a3 Rfe8 b4 Nf8 Rxd8 Rxd8 Nf3 Ne6 Rd1 Ne8 Rxd8 Nxd8 c5 b5 h4 Ne6 Ng5 Nd4 Qd3 Qd7 Nce4 f5 Nd6 Nxd6 Bxd4 Nc4 Bc3 Qxd3 exd3 Nxa3 Bxe5 Nc2 Bc3 a5 bxa5 b4 Bb2 Bxc5 Ne6 Ba7 d4 Bc8 Nc5 Kf7 Bxc6 Ke7 Ba4 Kd6 Bxc2,77,"[6003, 6003, 6003, 5891, 6003, 5859, 5987, 5771, 5907, 5723, 5907, 5611, 5827, 5579, 5827, 5539, 5763, 5491, 5723, 5451, 5451, 5371, 5371, 5331, 5323, 5259, 5267, 5147, 5139, 5091, 5059, 5011, 4915, 4939, 4859, 4867, 4787, 4539, 4651, 4523, 4483, 4219, 4331, 4155, 4187, 4011, 4099, 3883, 3955, 3675, 3691, 3555, 3635, 3339, 3563, 3163, 3563, 3099, 3483, 3003, 3323, 2875, 3323, 2859, 3083, 2803, 2987, 2579, 2939, 2155, 2683, 2067, 2563, 1947, 2371, 1843, 2264, 1494]"
cEbsIuIM,True,bullet,60,0,DrNykterstein,Night-King96,3122,3157,white,resign,Queen's Pawn Game,A41,2,d4 d6 Nc3 e5 e4 exd4 Qxd4 Nc6 Qe3 Nf6 Bd2 Be7 O-O-O d5 exd5 Nxd5 Qg3 Be6 Bc4 Qd6 Qxd6 Bxd6 Bxd5 Bxd5 Nxd5 O-O Nf3 Rad8 Bf4 Rfe8 Bxd6 Rxd6 Nxc7 Rxd1+ Rxd1,35,"[6003, 6003, 6003, 5819, 6003, 5723, 6003, 5691, 5947, 5643, 5915, 5547, 5875, 5459, 5699, 5459, 5651, 4843, 5563, 4571, 5411, 4467, 5339, 4387, 5339, 4307, 5283, 4211, 5235, 4083, 5091, 4083, 5027, 4011, 5022, 3942]"
7TA0gikZ,True,bullet,60,0,NINDJAxx8,DrNykterstein,3015,3105,black,resign,Modern Defense,A41,6,d4 g6 c4 Bg7 Nc3 d6 e3 e5 Nf3 Nd7 Be2 Ngf6 O-O O-O Qc2 Re8 dxe5 dxe5 Nxe5 Nxe5 b3 Bf5 Qb2 Ne4 Rd1 Qh4 Bd2,27,"[6003, 6003, 5971, 5947, 5971, 5907, 5923, 5851, 5883, 5755, 5843, 5715, 5795, 5683, 5755, 5555, 5699, 5475, 5659, 5379, 5555, 5251, 5347, 5123, 5227, 4891, 4704, 4789]"
mpdOSjGE,True,bullet,60,0,StrongKhaganaK1ller,DrNykterstein,3009,3087,black,resign,Owen Defense,B00,2,e4 b6 Nc3 Bb7 d4 e6 Be3 Nf6 e5 Nd5 Nxd5 Bxd5 Ne2 d6 Nc3 Bb7 exd6 Bxd6 Nb5 O-O c4 Bb4+ Bd2 Be7 Bf4 Bb4+ Bd2 Bxd2+ Qxd2 Nc6 O-O-O a6 Nc3 Qe7 Be2 Rad8 Qe3 Qf6 d5 exd5 Nxd5 Qd6 Rhe1 Rfe8 Qg3 Qxg3 hxg3 Rc8 Bg4 Rxe1 Rxe1 Rd8 Ne7+ Kf8 Nxc6 Bxc6 f3 g6 b3 f5 Bh3 Re8 Rxe8+ Kxe8 g4 f4 g5 Ke7 Kd2 Kd6 Kc3 Ke5 Bc8 a5 a3 Be8 b4 c5 bxa5 bxa5 Bg4 Ba4 Kd3 Bb3 Kc3 Ba2 Bd7 Bb1 Bg4 Bf5 Bh3 a4 Bg4 Bxg4 fxg4 Ke4 Kd2 Kd4 Ke2 Kxc4 Kf3 Kd4 Kxf4 c4 Kg3 c3,106,"[3003, 6003, 2979, 5939, 2979, 5891, 2979, 5659, 2907, 5571, 2875, 5563, 2867, 5435, 2867, 5363, 2843, 5267, 2771, 5187, 2747, 5075, 2627, 5035, 2547, 4835, 2435, 4779, 2435, 4731, 2259, 4643, 2235, 4523, 2155, 4467, 2123, 4283, 2067, 4147, 2067, 4027, 1987, 3939, 1947, 3787, 1947, 3699, 1875, 3667, 1875, 3611, 1819, 3403, 1659, 3403, 1651, 3291, 1595, 3107, 1563, 3059, 1459, 3059, 1459, 2939, 1427, 2899, 1371, 2851, 1339, 2787, 1203, 2707, 1171, 2579, 1107, 2531, 1019, 2435, 999, 2339, 905, 2227, 843, 2115, 790, 2035, 730, 1931, 494, 1707, 328, 1587, 328, 1571, 310, 1491, 310, 1443, 310, 1387, 310, 1371, 180, 1278, 42]"
QypoKrwX,True,bullet,60,0,DrNykterstein,Zubrrr,3069,2964,white,resign,Hungarian Opening: Dutch Defense,A00,2,g3 f5 Bg2 Nf6 d3 g6 e4 fxe4 dxe4 Nc6 f4 d6 e5 dxe5 Qxd8+ Nxd8 fxe5 Ng4 Nf3 Bg7 Nc3 Nxe5 Bf4 Nxf3+ Bxf3 c6 O-O-O O-O Be2 Bf5 Rhe1 Ne6 Bc4 Kf7 Rd7 b5 Bb3 a5 a4 Bxc3 bxc3 bxa4 Bc4 Rfd8 Rb7 Rab8 Rxb8,47,"[6003, 6003, 6003, 5979, 5915, 5939, 5907, 5827, 5843, 5795, 5707, 5723, 5595, 5643, 5563, 5555, 5491, 5523, 5339, 5467, 5187, 5347, 5075, 5155, 5075, 5075, 4963, 4995, 4811, 4811, 4699, 4731, 4611, 4291, 4491, 4019, 4403, 3971, 4307, 3763, 4187, 3715, 4107, 3307, 3899, 3219, 3757, 3065]"
s0Uhpirb,True,bullet,60,0,FakeBruceLee,DrNykterstein,2882,3083,,draw,"French Defense: Advance Variation, Euwe Variation",C02,10,e4 e6 d4 d5 e5 c5 c3 Nc6 Nf3 Bd7 Na3 Nge7 Nc2 cxd4 cxd4 Nf5 Bd3 Qb6 O-O Be7 g4 Nh4 Nxh4 Bxh4 g5 Ne7 Qg4 Ng6 b4 Bb5 Rd1 Rc8 Bxb5+ Qxb5 Ne3 h5 Qf3 Bxg5 a4 Qd7 b5 Bxe3 Bxe3 Ne7 Bg5 Nf5 Rac1 Rxc1 Rxc1 O-O Qxh5 Rc8 Rd1 Rc4 Be3 Rxa4 Kh1 Qxb5 Rg1 Qd3 Bh6 Qxd4 Bxg7 Nxg7 Rxg7+ Kxg7 Qg5+ Kf8 Qd8+ Kg7 Qg5+ Kh7 Qh5+ Kg7 Qg5+,75,"[6003, 6003, 5851, 6003, 5819, 5939, 5819, 5843, 5787, 5779, 5747, 5651, 5651, 5579, 5523, 5523, 5475, 5419, 5443, 4995, 5347, 4835, 5291, 4827, 5283, 4091, 5139, 4027, 4819, 3835, 4547, 3699, 4355, 3619, 4315, 3355, 3803, 3171, 3763, 2955, 3579, 2659, 3379, 2547, 3275, 2443, 3235, 2235, 3235, 2027, 3051, 1907, 2851, 1795, 2811, 1731, 2699, 1659, 2627, 1579, 2531, 1107, 2187, 1107, 1939, 954, 1899, 913, 1859, 913, 1811, 846, 1739, 846, 1701, 846]"
OfyuJPd6,True,bullet,60,0,DrNykterstein,SalihEke,3072,2822,white,mate,"Sicilian Defense: Closed, Fianchetto Variation",B24,5,e4 c5 Nc3 Nc6 g3 d6 Bg2 Nf6 d3 g6 h3 Bg7 f4 O-O Nf3 Rb8 O-O b5 a3 b4 axb4 cxb4 Ne2 Qb6+ Kh2 Be6 g4 a5 f5 Bd7 Ng3 d5 g5 Ne8 exd5 Nd4 Nxd4 Qxd4 Rxa5 Nd6 Rf4 Qb6 f6 exf6 gxf6 Qxa5 fxg7 Kxg7 Be3 f6 Bd4 Nf5 Nxf5+ Bxf5 Qf3 Rbe8 Qg3 Qc7 Be4 Bxe4 dxe4 Qxc2+ Qg2 Qxg2+ Kxg2 Rc8 Kf3 Rc1 Ke3 Re1+ Kd2 Rh1 Rf3 Rf7 Kd3 Kf8 Bxf6 Ke8 e5 Rd1+ Kc4 Rc7+ Kb3 Rxd5 Rf4 Rd3+ Kxb4 Rb7+ Kc4 Rd1 b4 Rc1+ Kd5 Rb1 Rc4 R1xb4 Rc8+ Kd7 Rc5 R4b5 e6+ Ke8 Rxb5 Rxb5+ Kd6 Rb1 h4 Rd1+ Ke5 g5 Bxg5 Re1+ Kf6 Rf1+ Kg7 Re1 e7 Rg1 Kxh7 Rh1 Kg6 Kd7 h5 Ke8 h6 Rg1 h7 Rf1 h8=Q+ Kd7 Qd8+ Ke6 e8=Q#,133,"[6003, 6003, 6003, 5915, 6003, 5859, 6003, 5811, 5987, 5779, 5963, 5755, 5955, 5699, 5915, 5627, 5875, 5595, 5787, 5555, 5683, 5555, 5635, 5499, 5547, 5371, 5483, 5307, 5419, 5227, 5347, 5083, 5267, 4691, 5187, 4563, 5075, 4563, 4931, 4275, 4635, 4131, 4451, 3715, 4451, 3635, 4347, 3635, 4091, 3283, 3955, 3139, 3843, 3139, 3731, 3035, 3659, 2651, 3235, 2291, 2939, 2243, 2851, 2139, 2851, 1923, 2723, 1827, 2595, 1563, 2491, 1435, 2419, 1299, 2347, 1243, 2203, 1115, 2131, 993, 1931, 946, 1811, 921, 1667, 845, 1547, 807, 1499, 758, 1387, 635, 1299, 580, 1027, 467, 948, 442, 811, 375, 811, 331, 745, 331, 732, 317, 687, 296, 671, 265, 585, 234, 527, 234, 412, 234, 387, 234, 324, 234, 308, 183, 308, 183, 270, 183, 256, 162, 193, 162, 144, 105, 144]"
sU7DwEQ5,True,bullet,60,0,affa19,DrNykterstein,2891,3055,black,mate,Zukertort Opening: Kingside Fianchetto,A04,2,Nf3 g6 c3 Bg7 g3 e5 d4 exd4 cxd4 d5 Bg2 Ne7 O-O O-O Nc3 c6 Bg5 h6 Bf4 Re8 e3 Nd7 h4 Nf8 Be5 f6 Bf4 g5 hxg5 hxg5 Nxg5 fxg5 Bxg5 Ne6 Bh4 Qd6 Qh5 Rf8 e4 Nxd4 exd5 Nxd5 Nxd5 cxd5 Bxd5+ Be6 Bxb7 Rab8 Bg2 Rxb2 Rad1 Qe5 Qg6 Qf5 Qxf5 Bxf5 a4 Bc2 Rd2 Rfb8 Re1 Rb1 Rxb1 Rxb1+ Kh2 Bxa4 Ra2 Bc6 Rxa7 Nf3+ Kh3 Rb2 Rc7 Be4 Re7 Ng1+ Kh2 Nf3+ Kh3 Bd5 Bxf3 Bxf3 g4 Rb4 Re3 Bxg4+ Kg2 Bf5 Bg3 Kf7 Rc3 Bxc3 Kf3 Rb3 Ke3 Ke6 Kf4 Kd5 Kg5 Ke6 Kf4 Bf6 f3 Be5+ Kg5 Bxg3 f4 Bxf4+ Kh5 Rb4 Kh4 Rb8 Kh5 Rh8#,114,"[6003, 6003, 5955, 6003, 5939, 5915, 5939, 5795, 5851, 5795, 5827, 5755, 5803, 5755, 5771, 5723, 5739, 5627, 5691, 5523, 5643, 5347, 5579, 5163, 5475, 5075, 5411, 5011, 5411, 4979, 5403, 4971, 5395, 4891, 5219, 4779, 5155, 4667, 5075, 4555, 4947, 4419, 4907, 4419, 4867, 4347, 4771, 4251, 4731, 4107, 4683, 3803, 3691, 3715, 3451, 3715, 3347, 3267, 3147, 3027, 2779, 2835, 2707, 2811, 2707, 2731, 2659, 2323, 2083, 2211, 2051, 2059, 1715, 1827, 1467, 1531, 1379, 1491, 1347, 1427, 1139, 1331, 1139, 1203, 1019, 1115, 988, 1115, 947, 1027, 823, 898, 812, 833, 812, 799, 812, 790, 775, 679, 708, 679, 491, 605, 491, 586, 491, 462, 490, 422, 411, 333, 411, 290]"
nqJ08CV3,True,bullet,60,0,DrNykterstein,PishgamChessClub,3046,2731,white,resign,Zukertort Opening: Reversed Grünfeld,A08,9,Nf3 d5 g3 c5 Bg2 Nc6 O-O Nf6 d4 cxd4 Nxd4 e5 Nxc6 bxc6 c4 Rb8 cxd5 cxd5 b3 Be6 Bb2 Bd6 Nc3 d4 Na4 O-O Rc1 Qe7 e3 dxe3 fxe3 Rfd8 Qe2 Bg4 Qf2 Rbc8 h3 Rxc1 Rxc1 Be6 Rd1 h6 Kh2 Bc7 Rxd8+ Qxd8 Nc5 Bd5 Qd2 Bxg2 Qxd8+ Bxd8 Kxg2 Bb6 b4 Bxc5 bxc5 Nd7 c6 Nb6 Bxe5 f6 Bd4 Nc8 Kf3 Kf7 Kg4 Ke6 Kh5 Ne7 c7 Kd7 Bc5 Nf5 g4 Ng3+ Kg6,77,"[6003, 6003, 6003, 5955, 5931, 5955, 5915, 5923, 5851, 5923, 5827, 5923, 5747, 5923, 5747, 5907, 5675, 5907, 5563, 5491, 5459, 5443, 5395, 5355, 5251, 5235, 5171, 5139, 5091, 5003, 5091, 4643, 5011, 4131, 4939, 3859, 4835, 3771, 4707, 3723, 4571, 3643, 4315, 3579, 4179, 3475, 4099, 3283, 3963, 3123, 3963, 3091, 3923, 3051, 3771, 2931, 3771, 2483, 3683, 2323, 3595, 2267, 3563, 2107, 3483, 2107, 3443, 2107, 3379, 1715, 3299, 1659, 3227, 1587, 3075, 1091, 3002, 870]"
DRDFnjTg,True,bullet,60,0,GGTOURS,DrNykterstein,2721,3037,black,mate,Modern Defense: Standard Defense,B06,6,e4 g6 d4 Bg7 Nc3 d6 f3 a6 Be3 b5 Qd2 Nd7 g4 Nb6 b3 Nf6 h4 h5 g5 Nfd7 Bh3 c5 Nge2 Bb7 O-O-O b4 Nb1 a5 dxc5 Nxc5 Nd4 O-O Rhf1 Ba6 Rf2 Qc7 Kb2 Nca4+ Kc1 Nc3 Nxc3 bxc3 Qe1 Qc5 Kb1 a4 Ne6 Qa3 Bc1 Qxa2+ Kxa2 axb3+ Kxb3 Bc4+ Kb4 Ra4#,56,"[6003, 6003, 5899, 6003, 5859, 5971, 5819, 5899, 5787, 5859, 5787, 5795, 5691, 5515, 5315, 5419, 5251, 5331, 5179, 5291, 5115, 5171, 4955, 5027, 4603, 4947, 4451, 4867, 3963, 4723, 3867, 4483, 2715, 4323, 2595, 4243, 2499, 4051, 2131, 3859, 2011, 3859, 1875, 3763, 1779, 3667, 1219, 3579, 1187, 3507, 1083, 3507, 1059, 3371, 1008, 3298]"
sehBuh7G,True,bullet,60,0,DrNykterstein,chesspawnrookking,3029,2678,white,mate,King's Indian Attack: Sicilian Variation,A08,15,g3 Nf6 Bg2 e6 Nf3 d5 O-O Be7 d3 O-O Nbd2 c5 e4 Nc6 Re1 dxe4 dxe4 Qc7 e5 Nd7 Qe2 Rd8 c3 b6 Nf1 Bb7 h4 Nf8 Bf4 h6 h5 Nh7 N1h2 Rd7 Ng4 Bf8 Rad1 Rad8 Rxd7 Rxd7 Nd2 Qd8 Ne4 Kh8 a3 Na5 b4 cxb4 axb4 Nc6 Ra1 Ba8 b5 Ne7 c4 Nf5 Ne3 Nd4 Qf1 Bxe4 Bxe4 Ng5 Bxg5 Qxg5 Bc6 Nxc6 bxc6 Rc7 Qg2 Qxe5 Rd1 Qc5 Rd8 Kh7 Qe4+ f5 Qxe6 Be7 Qg8#,79,"[6003, 6003, 6003, 5987, 5971, 5987, 5947, 5987, 5899, 5987, 5787, 5987, 5771, 5955, 5683, 5907, 5595, 5867, 5595, 5779, 5555, 5747, 5499, 5699, 5451, 5667, 5451, 5603, 5371, 5547, 5299, 5491, 5227, 5291, 5155, 5195, 4979, 5123, 4931, 5123, 4851, 5067, 4707, 4907, 4403, 4859, 4315, 4755, 4315, 4611, 4187, 4443, 4043, 4299, 3963, 4187, 3843, 4091, 3763, 3923, 3659, 3923, 3467, 3923, 3163, 3635, 3163, 3619, 2931, 3531, 2883, 3411, 2771, 3347, 2635, 3267, 2523, 3066, 2410]"
BZlVXbm2,True,bullet,60,0,Roseberline,DrNykterstein,1820,3028,black,resign,Modern Defense,A41,6,d4 g6 c4 Bg7 Nc3 d6 Nf3 e5 e3 Ne7 Be2 exd4 exd4 O-O O-O Nbc6 b3 Bg4 Be3 Nf5 h3 Bxf3 Bxf3 Ncxd4 Bxb7 Nxe3 fxe3 Nf5 Qd3 Rb8 Be4 Ng3 Rf3 Bxc3 Qxc3 Ne2+,36,"[6003, 6003, 5987, 5803, 5987, 5699, 5979, 5643, 5899, 5499, 5803, 5411, 5803, 5363, 5763, 5363, 5643, 5251, 4963, 5115, 4835, 4995, 4659, 4995, 3851, 4899, 3659, 4819, 2875, 4659, 2763, 4555, 2603, 4443, 2603, 4308, 2394]"
apzXqc2m,True,bullet,60,0,jonasbjerre,DrNykterstein,2892,3018,black,mate,Caro-Kann Defense: Two Knights Attack,B10,5,e4 c6 Nc3 d5 Nf3 dxe4 Nxe4 Nf6 Ng3 h5 h3 h4 Ne2 e5 Nxe5 Bd6 Nf3 O-O d3 Re8 Be3 Nd5 Qd2 Nxe3 fxe3 a5 O-O-O a4 a3 b5 Kb1 b4 axb4 a3 b3 a2+ Ka1 Na6 c3 Qf6 Ned4 c5 bxc5 Nxc5 b4 Na4 e4 Bf4 Qc2 Bd7 Qb3 Rec8 Ne2 Nxc3 e5 Bxe5 Nxe5 Qxe5 d4 Qe3 Nxc3 Rxc3 Qb2 Rb3 Qc2 Rb1+ Rxb1 axb1=Q+ Kxb1 Bf5 Qxf5 Qb3+ Kc1 Qc3+ Kd1 Ra1+ Ke2 Re1+ Kf2 Qe3#,80,"[6003, 6003, 5899, 6003, 5851, 5931, 5811, 5931, 5763, 5843, 5683, 5843, 5627, 5739, 5419, 5675, 5331, 5675, 5259, 5675, 5131, 5323, 4819, 5131, 4819, 5027, 4691, 4971, 4603, 4907, 4475, 4851, 4331, 4851, 4107, 4763, 4035, 4651, 3979, 4579, 3875, 4499, 3683, 4499, 3547, 4411, 3291, 4267, 3203, 4203, 2859, 4115, 2219, 3963, 2131, 3851, 2051, 3851, 2011, 3635, 1851, 3475, 1819, 3307, 1539, 3227, 1387, 3227, 1379, 3139, 1051, 3083, 862, 3019, 765, 3011, 765, 2939, 689, 2937]"
WIPbQ2uh,True,bullet,60,0,DrNykterstein,DrAgnevstein,3007,2875,white,resign,"King's Indian Attack, with e6",A07,6,Nf3 d5 g3 e6 Bg2 Nf6 O-O Be7 d3 O-O Nbd2 b6 e4 Bb7 e5 Nfd7 Re1 c5 Nf1 Nc6 h4 Qc7 Bf4 Rac8 h5 Nd4 Nxd4 cxd4 Re2 Rfe8 Nh2 Qd8 Nf3 h6 Nxd4 Bf8 c3 Nc5 Nf3 Ba6 Rd2 Bb5 Nd4 Ba4 b3 Bd7 Rc1 Nb7 b4 a5 a3 Be7 g4 Bg5 Qf3 Bxf4 Qxf4 Qg5 Qxg5 hxg5 Nf3 f6 Re2 Bb5 Re3 axb4 axb4 Rc7 Nd4 Bd7 c4 Rec8 exf6 gxf6 Nxe6 Bxe6 Rxe6 dxc4 Rxc4 Rxc4 dxc4 Nd8 Rxf6 Rxc4 Bd5+ Kg7 Rg6+,87,"[6003, 6003, 6003, 5987, 5963, 5987, 5947, 5979, 5907, 5979, 5875, 5939, 5875, 5923, 5819, 5867, 5819, 5843, 5795, 5835, 5755, 5787, 5659, 5699, 5531, 5643, 5435, 5643, 5331, 5387, 5171, 5163, 5099, 5035, 5003, 4931, 4891, 4835, 4499, 4779, 4379, 4323, 4131, 4179, 4003, 4179, 3971, 4099, 3835, 3995, 3755, 3747, 3643, 3667, 3603, 3555, 3603, 3515, 3523, 3515, 3427, 3483, 3267, 3315, 3115, 3211, 3027, 3019, 2899, 2947, 2691, 2707, 2563, 2619, 2427, 2283, 2427, 2275, 2347, 2139, 2347, 1963, 2267, 1907, 2179, 1795, 2123, 1646]"
0zgPiLLC,True,bullet,60,0,DrNykterstein,DmitriyBiryuk777,2999,2782,white,mate,"King's Indian Defense: Fianchetto Variation, Uhlmann-Szabo System",E62,14,Nf3 d6 g3 g6 Bg2 Bg7 O-O Nf6 d4 O-O c4 Nc6 Nc3 e5 dxe5 Nxe5 Nxe5 dxe5 Bg5 Qxd1 Rfxd1 c6 Rd6 Be6 Bxf6 Bxf6 Rxe6 fxe6 Ne4 Be7 e3 Rfd8 Kf1 Rd7 Ke2 Rad8 h4 h5 Bh3 Kf7 Rh1 a6 g4 Bxh4 g5 b5 c5 Rd5 Bg2 Bxf2 Kxf2 Rd1 Nd6+ R8xd6 cxd6 Rd2+ Kg3 c5 Rf1+ Kg7 Rf6 Rxd6 Be4 c4 Rxg6+ Kf7 Rh6 Rd2 Rh7+ Kg8 g6 Rxb2 Kh4 Re2 Kg5 Rxe3 Bc6 Rg3+ Kf6 h4 Bd7 e4 Bxe6+ Kf8 Rh8#,85,"[6003, 6003, 5987, 5931, 5987, 5899, 5987, 5851, 5979, 5843, 5947, 5787, 5947, 5731, 5891, 5731, 5787, 5731, 5643, 5611, 5643, 5579, 5427, 5499, 5371, 5419, 5323, 5331, 5323, 5267, 5323, 5195, 5323, 5083, 5323, 5011, 5283, 4915, 5171, 4843, 5011, 4691, 4923, 4267, 4779, 4011, 4667, 3859, 4595, 3707, 4291, 3571, 4195, 3467, 4195, 3267, 4067, 3187, 3979, 3035, 3955, 2931, 3899, 2659, 3835, 2611, 3835, 2459, 3835, 2371, 3835, 2251, 3715, 2075, 3659, 2003, 3627, 1859, 3523, 1747, 3435, 1635, 3347, 1635, 3285]"
7Yn8tQRZ,True,bullet,60,0,Mortred07,DrNykterstein,2833,2988,black,resign,King's Indian Defense: Makogonov Variation,E71,9,d4 Nf6 c4 g6 Nc3 d6 e4 Bg7 h3 O-O Be3 e5 d5 Na6 Nf3 Nc5 Nd2 a5 Be2 Nfd7 g4 f5 gxf5 gxf5 Rg1 f4 Bxc5 Nxc5 Qc2 Kh8 O-O-O f3 Bxf3 Bh6 Bg4 Rxf2 Kb1 Qf6 Rgf1 Bxg4 hxg4 Rf8 Rxf2 Qxf2 Nb3 Qxc2+ Kxc2 Rf2+ Kb1 Be3 Nxc5 Bxc5 Nb5 Rf4 Nxc7 Rxe4 Ne6 b6 Rf1 h6 Rf8+ Kh7 Rf7+ Kg6 Rg7+ Kf6 Rh7 Rxg4 Rxh6+ Kf5 b3 e4 Rh5+ Kf6 Rh6+ Rg6 Rxg6+ Kxg6 Kc2 Kf5 Kd2 Ke5 Ke2 Bb4 Ke3 Bc5+ Ke2 Bb4 Ke3 b5 Nc7 bxc4 bxc4 Bc5+ Ke2 Kd4 Ne6+ Kxc4 Ng5 Kxd5 Nf7 Ke6 Ng5+ Kf5 Nf7 d5 Nh6+ Ke6,108,"[6003, 6003, 5939, 6003, 5899, 5955, 5843, 5955, 5795, 5955, 5755, 5923, 5539, 5859, 5491, 5811, 5459, 5763, 5387, 5683, 5275, 5571, 5243, 5571, 5131, 5483, 5043, 5483, 4955, 5411, 4771, 5355, 4651, 5355, 4571, 5235, 4379, 5099, 3899, 4963, 3827, 4907, 3603, 4907, 3587, 4771, 3587, 4715, 3499, 4611, 3243, 4611, 3243, 4507, 3139, 4427, 2971, 4355, 2907, 4275, 2499, 4195, 2395, 4131, 2331, 4059, 2299, 3979, 2251, 3843, 2067, 3755, 1907, 3651, 1851, 3459, 1683, 3459, 1683, 3387, 1635, 3275, 1555, 3163, 1467, 2995, 1419, 2755, 1355, 2715, 1123, 2595, 1123, 2587, 1027, 2587, 835, 2523, 835, 2427, 732, 2299, 732, 2291, 666, 2243, 656, 2147, 597]"
2KJCBnT4,True,bullet,60,0,DrNykterstein,AmbartsumianTyhran,3021,2702,black,outoftime,Queen's Indian Defense: Classical Variation,E17,11,Nf3 Nf6 g3 e6 Bg2 b6 O-O Bb7 d4 Be7 c4 O-O d5 Bc5 Nc3 d6 e4 Nbd7 a3 a5 h3 h6 Re1 e5 Be3 Bxe3 Rxe3 Qe7 Rc1 Nh7 b4 Ng5 Nh4 Nh7 Nf5 Qd8 Nb5 g6 Nfxd6 cxd6 Nxd6 Rb8 Nxb7 Rxb7 c5 bxc5 bxc5 Rc7 c6 Ndf6 d6 Rc8 Rd3 Ng5 Qe1 Ne6 h4 Nd4 Rxd4 exd4 e5 Re8 Bh3 Rxc6 Rxc6 Nd7 Bxd7 Qxd7 Rc4 d3 Rd4 Qf5 Qe3 Rxe5 d7 Rxe3 d8=Q+ Kg7 fxe3 Qf3 Rxd3 Qxg3+ Kf1 Qh3+ Ke1 Qh1+ Kd2 Qg2+ Kc3 Qc6+ Kb2 Qf6+ Kb3 Qxd8 Rxd8 g5 Rd4 g4,98,"[3003, 6003, 3003, 5979, 2979, 5947, 2979, 5899, 2979, 5867, 2907, 5843, 2883, 5723, 2763, 5683, 2707, 5619, 2651, 5347, 2611, 5275, 2539, 5139, 2451, 5059, 2451, 5043, 2403, 5019, 2315, 4987, 2219, 4907, 2131, 4859, 2019, 4755, 1899, 4659, 1899, 4603, 1795, 4603, 1779, 4547, 1779, 4507, 1723, 4467, 1675, 4419, 1451, 4331, 1203, 4195, 1147, 4139, 1099, 4043, 1099, 4019, 944, 3395, 944, 3363, 742, 3363, 707, 3235, 600, 3235, 477, 3099, 414, 3019, 414, 2915, 414, 2747, 311, 2691, 311, 2683, 292, 2547, 292, 2539, 252, 2491, 122, 2435, 122, 2411, 31, 2411, 24, 2415, 0]"
xtXialtC,True,bullet,60,0,DrNykterstein,BryanL,3053,2765,black,outoftime,King's Indian Attack: Symmetrical Defense,A05,4,Nf3 Nf6 g3 g6 Bg2 Bg7 O-O O-O d3 d6 Nbd2 Nbd7 e4 Re8 Re1 e5 h3 c6 c3 Qc7 d4 b5 a4 Bb7 axb5 cxb5 d5 a6 Nb3 Nc5 Nxc5 Qxc5 Be3 Qc7 Nd2 Nd7 Rc1 Nb6 b3 Nd7 c4 b4 c5 Nxc5 Nc4 Reb8 Nxd6 Qxd6 Bxc5 Qd7 h4 a5 Qd2 Rc8 Bf1 Ba6 Bxa6 Rxa6 Be3 Raa8 Rc4 Rxc4 bxc4 Rc8 c5 b3 c6 Qd6 Qxa5 f5 Rb1 fxe4 Rxb3 Bf8 Rb7 Rb8 Rxb8 Qxb8 c7 Qb7 Kh2 Bd6 Qc3 Qxc7 Qxc7 Bxc7 Bc5 Bd6,88,"[3003, 6003, 3003, 5963, 2939, 5963, 2915, 5963, 2867, 5963, 2843, 5915, 2843, 5867, 2843, 5859, 2811, 5859, 2755, 5843, 2747, 5763, 2651, 5643, 2595, 5643, 2531, 5603, 2379, 5539, 2299, 5539, 2091, 5499, 2091, 5387, 2091, 5227, 1979, 5107, 1979, 5035, 1907, 4995, 1835, 4827, 1755, 4827, 1683, 4827, 1555, 4771, 1555, 4667, 1411, 4603, 1299, 4603, 1259, 4531, 1083, 4419, 1083, 4299, 1083, 4131, 1019, 4091, 934, 3995, 768, 3899, 597, 3835, 366, 3675, 275, 3675, 152, 3555, 125, 3451, 125, 3395, 41, 3339, 41, 3333, 0]"
FmWRUOb5,True,bullet,60,0,satrancdelisi23,DrNykterstein,2663,3049,black,mate,Owen Defense,B00,2,e4 b6 d4 Bb7 Nc3 Nf6 Bd3 d5 exd5 Nxd5 Nxd5 Qxd5 Nf3 Nc6 c3 O-O-O O-O e5 Bf5+ Kb8 Bh3 exd4 cxd4 Nxd4 Nxd4 Qxd4 Be3 Qxd1 Raxd1 Rxd1 Rxd1 Bd6 b3 Re8 Bd4 g6 Be3 a5 Bd7 Rd8 Bb5 Bxh2+ Kxh2 Rxd1 Bc4 f5 a4 Bd5 Be2 Bxb3 Bb5 Ra1 Bd4 Rxa4 Bg7 Rb4 Be8 a4 Bf7 Rc4 Bxc4 Bxc4 Ba1 Kb7 Kg3 c5 Kf4 Kc6 Ke3 b5 Kd2 b4 Kc2 a3 f4 Kb5 Be5 b3+ Kb1 b2 Kc2 Bd3+ Kxd3 b1=Q+ Ke2 c4 Kf3 Qd3+ Kf2 c3 Kg1 c2 Kh2 c1=Q Bd4 Qcf1 Bg1 Qde2 Bf2 Qexf2 Kh3 Q2xg2+ Kh4 Qg4#,104,"[6003, 3003, 5907, 3003, 5811, 2931, 5731, 2819, 5643, 2755, 5643, 2723, 5507, 2667, 5411, 2515, 5339, 2467, 4547, 2371, 4307, 2299, 4299, 2275, 4251, 2267, 4107, 2131, 4107, 2067, 4107, 2035, 4059, 1939, 3995, 1851, 3827, 1763, 3731, 1643, 3675, 1547, 3675, 1483, 3675, 1371, 3619, 1299, 3523, 1211, 3331, 1083, 3195, 1011, 2979, 941, 2923, 941, 2867, 909, 2763, 909, 2747, 867, 2747, 851, 2731, 781, 2731, 765, 2715, 765, 2643, 765, 2555, 765, 2451, 765, 2355, 765, 2259, 687, 2139, 687, 2123, 633, 2123, 607, 2051, 571, 2003, 571, 1923, 520, 1819, 520, 1795, 458, 1795, 368, 1795, 337, 1790, 289]"
bnrQVFwg,True,bullet,60,0,Alamzhi,DrNykterstein,2765,3063,,draw,Modern Defense,B06,2,e4 g6 Nf3 Bg7 Nc3 e6 d4 Ne7 e5 d6 Bd3 dxe5 dxe5 O-O O-O Nbc6 Re1 Nf5 Bf4 h6 h3 Qe7 Qe2 Rd8 Bxf5 exf5 Rad1 Be6 Rxd8+ Rxd8 Rd1 g5 Bc1 f4 Ne4 Rxd1+ Qxd1 Nxe5 Nxe5 Bxe5 Nc3 Qd6 Qe1 Bxc3 bxc3 Bxa2 c4 Bxc4 Bb2 Qe6 Qc3 Kf8 Qh8+ Ke7 Qb8 Kd7 Qf8 Kc6 Qb4 b6 Kh2 Kb7 Qd2 a5 Bd4 Bd5 f3 Bc6 c3 Qc4 Be5 a4 Qd8 Bd5 Bxc7 Qxc7 Qxd5+ Qc6 Qxf7+ Ka6 c4 b5 cxb5+ Kxb5 Qa2 Kb4 Qb2+ Ka5 Qa2 Kb5 Qb2+ Ka6 Qa1 Qb5 Qe1 a3 Qe6+ Ka5 Qa2 Qb4 Qd5+ Ka4 Qd1+ Qb3 Qd4+ Kb5 Qd7+ Kb4 Qd6+ Kc3 Qe5+ Kc2 Qe2+ Kb1 Qe1+ Ka2 Qd2+ Qb2 Qd5+ Qb3 Qd2+ Ka1 Qc1+ Ka2 Qd2+,125,"[6003, 3003, 5859, 3003, 5819, 2971, 5747, 2971, 5707, 2899, 5667, 2843, 5627, 2723, 5603, 2715, 5547, 2579, 5507, 2467, 5219, 2371, 5003, 2291, 4923, 2219, 4899, 2195, 4763, 2195, 4715, 2123, 4555, 2019, 4387, 1899, 4387, 1867, 4315, 1867, 4203, 1763, 4139, 1627, 3955, 1547, 3803, 1467, 3739, 1379, 3635, 1323, 3491, 1251, 3371, 1091, 3235, 920, 3107, 920, 2691, 920, 2603, 920, 2539, 920, 2363, 920, 2267, 840, 2187, 840, 2115, 766, 1971, 766, 1923, 766, 1819, 766, 1667, 766, 1555, 766, 1451, 766, 1387, 697, 1387, 679, 1299, 679, 1299, 636, 1203, 538, 1131, 504, 1115, 427, 1059, 427, 1019, 355, 991, 355, 943, 355, 892, 355, 800, 290, 751, 231, 751, 227, 684, 227, 681, 149, 649, 149, 560, 84, 490, 84]"
QHPVrTI9,True,bullet,60,0,DrNykterstein,Bestinblitz,3047,2959,white,outoftime,King's Indian Attack,A07,3,Nf3 d5 g3 Nc6 Bg2 e5 d3 Bf5 Nc3 Qd7 O-O O-O-O e4 dxe4 dxe4 Qxd1 Rxd1 Rxd1+ Nxd1 Bg4 Nxe5 Nxe5 Nc3 Bf3 Bf4 Bxg2 Kxg2 Ng6 Be3 c6 Bxa7 Nf6 Rd1 Bb4 Na4 Rd8 Rxd8+ Kxd8 f3 Nd7 Bd4 f6 Kf2 Nge5 Ke2 b5 Nc3 Bxc3 Bxc3 c5 b3 b4 Bb2 c4 a3 c3 Bc1 Nc6 Kd3 Nde5+ Ke3 Kd7 h3 g5 f4 gxf4+ gxf4 Nf7 Kd3 Nd6 h4 h5 f5 Ne5+ Ke3 bxa3 Bxa3 Ndc4+ bxc4 Nxc4+ Kd4 Nxa3 Kxc3 Kd6 Kd3 Ke5 c3 Kf4 c4 Nxc4 Kd4 Ne5 Kd5 Ng4 Kd4 Kg3 Kd5 Kxh4 e5 Nxe5 Ke4 Ng4 Kf4 Kh3 Kf3 Kh4 Kf4 Kh3 Kf3 h4 Kf4 Kg2 Kxg4 h3 Kh4 h2 Kh5 h1=Q+ Kg6,119,"[6003, 6003, 6003, 5947, 5995, 5915, 5923, 5851, 5755, 5795, 5547, 5755, 5355, 5659, 5259, 5595, 5035, 5531, 5035, 5443, 4987, 5347, 4851, 5171, 4523, 5091, 4523, 4995, 4467, 4867, 4315, 4819, 4211, 4747, 4035, 4235, 3811, 4163, 3787, 3899, 3563, 3835, 3491, 3707, 3363, 3571, 3227, 3515, 3139, 3427, 3035, 3331, 2987, 3235, 2859, 2803, 2747, 2755, 2539, 2675, 2483, 2483, 2419, 2355, 2339, 2299, 2339, 2251, 2195, 1931, 2107, 1827, 2019, 1659, 1955, 1411, 1955, 1315, 1939, 1299, 1923, 1267, 1915, 1187, 1675, 1115, 1507, 940, 1507, 810, 1451, 492, 1347, 433, 1243, 368, 1243, 308, 1195, 235, 1195, 213, 1123, 200, 1123, 124, 1123, 99, 1115, 71, 1051, 3, 957, 3, 940, 3, 907, 2, 882, 0]"
YB1gWnQG,True,bullet,60,0,ivanrojo,DrNykterstein,2365,3046,black,mate,King's Indian Attack: Wahls Defense,A05,10,Nf3 g6 g3 Bg7 Bg2 Nf6 O-O O-O d3 d5 Nbd2 Nc6 e4 e5 Qe2 Re8 Re1 a5 c3 a4 h4 Bg4 Kh2 d4 c4 Nb4 Nf1 c5 a3 Nc6 Kg1 Na5 N1h2 Bd7 Rb1 b5 Bd2 bxc4 dxc4 Nb3 Qd3 Rb8 Ng5 h6 Ngf3 Bc6 g4 Qd7 g5 hxg5 hxg5 Nh5 Nh4 Nxd2 Qxd2 Nf4 Bf3 Rb3 Bg4 Qe7 N2f3 Reb8 Rec1 Bxe4 Qe1 Bxb1 Rxb1 e4 Nd2 Qxg5 f3 exf3 Qg3 Ne2+ Kf2 Nxg3 Kxg3 Be5+ Kf2 Qxd2+ Kg1 Qh2+ Kf1 Qe2+ Kg1 f2+ Kh1 f1=Q+ Rxf1 Qh2#,90,"[6003, 3003, 6003, 2931, 6003, 2931, 5987, 2931, 5963, 2915, 5819, 2915, 5795, 2899, 5723, 2827, 5603, 2755, 5547, 2707, 5331, 2571, 5163, 2507, 5035, 2379, 4811, 2307, 4619, 2163, 4579, 2035, 4539, 1827, 4459, 1755, 4355, 1683, 4243, 1587, 4147, 1587, 4027, 1499, 3867, 1499, 3515, 1395, 3467, 1387, 3467, 1323, 3347, 1227, 3235, 1227, 3139, 1075, 3019, 1035, 2707, 1035, 2307, 846, 1907, 739, 1907, 708, 1739, 574, 1627, 458, 1571, 386, 1259, 386, 1259, 322, 1123, 245, 966, 95, 859, 78, 808, 78, 720, 78, 565, 78]"
5m6KZ6Aj,True,bullet,60,0,DrNykterstein,AkibaRubi,3085,2760,black,resign,Hungarian Opening: Reversed Alekhine,A00,3,Nf3 e5 g3 e4 Nd4 c5 Nb3 c4 Nd4 Nc6 c3 Nxd4 cxd4 d5 d3 h5 dxe4 dxe4 Nc3 Nf6 Bg2 Bf5 h4 Bb4 O-O Bxc3 bxc3 O-O Bg5 Qd7 Bxf6 gxf6 e3 Bg4 Qa4 Qxa4,36,"[3003, 6003, 3003, 5979, 2923, 5923, 2923, 5859, 2859, 5811, 2787, 5723, 2787, 5707, 2747, 5651, 2667, 5595, 2667, 5499, 2619, 5395, 2555, 5283, 2555, 5187, 2555, 5147, 2507, 5059, 2435, 5059, 2427, 4955, 2331, 4813, 1930]"
DGe4uZ0J,True,bullet,60,0,Bagheeraimlikeyou,DrNykterstein,2484,3083,black,mate,Pirc Defense: Classical Variation,B08,8,e4 g6 Nf3 Bg7 d4 d6 Nc3 Nf6 Be3 O-O Qd2 a6 O-O-O b5 h3 b4 Ne2 Nxe4 Qd3 Bf5 Qb3 a5 a4 bxa3 Qxa3 Nc6 g4 Bd7 Ng3 Nxg3 fxg3 Nb4 Bd3 Bc6 Rhf1 Rb8 Bd2 Qd7 Bc3 Bd5 Kd2 Qc6 Be2 Bh6+ g5 Bxf3 gxh6 Bxe2 Kxe2 Qe4+ Kf2 Nxc2 Bd2 Nxa3 bxa3 Rb2 Rfe1 Qd3 Re3 Rxd2+ Kf3 Qf5#,62,"[6003, 3003, 5947, 2971, 5915, 2971, 5859, 2947, 5811, 2883, 5763, 2811, 5723, 2755, 5675, 2707, 5595, 2651, 5507, 2507, 5259, 2427, 4723, 2267, 4667, 2227, 4571, 2091, 4483, 1987, 4483, 1955, 4363, 1859, 4211, 1803, 4003, 1707, 3875, 1603, 3651, 1435, 3275, 1219, 3147, 1155, 3059, 1067, 3059, 954, 2987, 899, 2715, 781, 2587, 768, 2507, 693, 2459, 575, 2349, 418]"
y0gKUFrf,True,bullet,60,0,DrNykterstein,jesselroy99,3080,2597,white,resign,"Benoni Defense: Benoni-Indian Defense, Kingside Move Order",A43,5,d4 Nf6 Nf3 c5 d5 d6 Nc3 e6 e4 exd5 exd5 Be7 Bb5+ Nfd7 a4 O-O O-O a6 Re1 axb5 Nxb5 Nf6 Bf4 Re8 Rxe7 Rxe7 Bxd6 Re8 c4 Bg4 Bg3 Nbd7 Nc7 Rc8 Nxe8 Qxe8 h3 Bh5 Qb3 Qe4 Re1 Qf5 Ne5 Re8 Qxb7 Nxe5 Bxe5 h6 Qc7 Ne4 Bg3 f6 Qf4 Nxg3 Rxe8+ Bxe8 Qxg3 Qb1+ Kh2 Qxb2 a5 Qa2 Qb8 Kf7 Qb7+ Kg6 a6 f5 a7 Bd7 a8=Q,71,"[3003, 6003, 3003, 5939, 2923, 5883, 2923, 5883, 2867, 5883, 2835, 5843, 2827, 5739, 2827, 5731, 2787, 5675, 2787, 5571, 2787, 5539, 2699, 5483, 2555, 5323, 2499, 5219, 2323, 5163, 2115, 5083, 2019, 4971, 1907, 4971, 1883, 4827, 1771, 4691, 1627, 4611, 1555, 4411, 1307, 4187, 1307, 3851, 1211, 3651, 1131, 3435, 999, 3339, 999, 3283, 999, 3187, 936, 3147, 870, 2843, 762, 2619, 688, 2563, 688, 2395, 586, 2075, 481, 1774]"
Efrc0xxt,True,bullet,60,0,smotherhubbard,DrNykterstein,2441,3079,black,resign,"King's Indian Defense: Sämisch Variation, Closed Variation",E87,13,d4 Nf6 c4 g6 f3 Bg7 e4 d6 Nc3 O-O Be3 e5 d5 c6 Qd2 cxd5 cxd5 Nbd7 Bh6 a6 O-O-O b5 Kb1 b4 Nce2 a5 Nc1 Nc5 h4 a4 h5 Nxh5 g4 Nf4 Bxg7 Kxg7 Qh2 h5 Nge2 Nxe2 Bxe2 hxg4 Qh6+ Kf6 fxg4 Ke7 Nd3 Nxd3 Bxd3 Ba6 Qh4+ Kd7 Qf2 Bxd3+ Rxd3 a3 Qb6 Qxb6,58,"[6003, 3003, 5939, 3003, 5819, 3003, 5755, 3003, 5691, 3003, 5635, 3003, 5491, 2955, 5427, 2891, 5427, 2731, 5139, 2643, 5091, 2523, 5011, 2435, 4859, 2379, 4635, 2267, 4523, 2075, 4363, 1987, 4195, 1755, 3611, 1627, 3275, 1531, 3067, 1435, 2851, 1435, 2611, 1363, 2283, 1291, 1923, 1179, 1787, 1083, 1355, 997, 1203, 889, 1067, 889, 795, 789, 609]"
BMrcRCpP,True,bullet,60,0,serena-maria,DrNykterstein,2407,3125,white,outoftime,King's Indian Attack: Symmetrical Defense,A05,4,Nf3 g6 g3 Nf6 Bg2 Bg7 O-O O-O d3 d6 e4 e5 Nc3 Re8 Nd2 c6 f4 Nbd7 f5 d5 exd5 cxd5 Nxd5 Nxd5 Bxd5 Nf6 Bg2 Bxf5 Ne4 Bxe4 dxe4 Qb6+ Kh1 Rad8 Qe2 Qc6 c3 h5 Bg5 Rd6 Rad1 Red8 Rxd6 Rxd6 h3 Qd7 Kh2 b5 c4 bxc4 Qxc4 Kh7 b4 Rd4 Qb3 Rd3 Qc4 Rd4 Qb3 Rd6 b5 Kg8 a4 h4 Bxh4 Nh7 g4 Bh6 Bg3 Rd3 Qc4 Rxg3 Kxg3 Bf4+ Rxf4 exf4+ Kxf4 Qd6+ e5 Qd2+ Kf3 Ng5+ Kg3 Qe3+ Kh2 Qxe5+ Kg1 Qe3+ Kh1 Qe1+ Qf1 Qxf1+ Bxf1 Ne4 a5 Nc5 b6 axb6 axb6 Kf8 Bg2 Nd7 b7 Nb8 Kh2 f6 Kg3 g5 h4 Ke7 hxg5 fxg5 Kf3 Kf6 Ke4,115,"[6003, 3003, 6003, 2955, 6003, 2947, 5979, 2939, 5955, 2931, 5891, 2931, 5867, 2867, 5867, 2843, 5803, 2843, 5739, 2747, 5651, 2747, 5627, 2715, 5587, 2715, 5499, 2643, 5435, 2531, 5435, 2491, 5347, 2491, 5275, 2363, 5163, 2227, 5083, 2163, 4971, 2067, 4883, 2067, 4779, 2003, 4371, 1899, 4235, 1811, 4235, 1715, 4051, 1627, 3435, 1555, 3203, 1483, 3139, 1483, 2995, 1387, 2891, 1243, 2779, 1171, 2451, 1075, 2355, 998, 2163, 910, 2091, 910, 2035, 910, 2003, 868, 1931, 758, 1827, 632, 1739, 583, 1635, 583, 1531, 507, 1395, 432, 1331, 262, 1331, 245, 1275, 245, 1211, 245, 1195, 195, 1083, 116, 1083, 98, 974, 98, 964, 80, 956, 55, 890, 43, 761, 43, 744, 0]"
4lb1YWHp,True,bullet,60,0,DrNykterstein,hugo314,3124,2394,white,mate,King's Indian Attack: Yugoslav Variation,A07,8,g3 c6 Bg2 d5 Nf3 Nf6 O-O Bg4 d3 Bxf3 Bxf3 Nbd7 e4 e5 exd5 cxd5 Nc3 Bd6 Nxd5 Nxd5 Bxd5 Qf6 Bxb7 Rb8 Bg2 O-O c3 Rfd8 Qe2 Nb6 Rd1 Bc5 h4 e4 d4 Be7 Bxe4 Re8 Bf4 Bd6 Bxd6 Qxd6 Qd3 g6 Re1 f5 Bf3 Kg7 c4 Qb4 b3 Rxe1+ Rxe1 Qxe1+ Kg2 Qe7 c5 Nd7 Qc3 Nf6 d5 Rd8 d6 Qf7 Qd4 Qe6 b4 Kf7 b5 Ne4 a4 Nxc5 Qxc5 Qxd6 Qxa7+ Kf6 Qe3 Qe6 Qg5+ Kg7 Qxd8 Kh6 Qf8#,83,"[3003, 6003, 3003, 5971, 2971, 5971, 2955, 5907, 2955, 5835, 2851, 5835, 2819, 5811, 2747, 5779, 2723, 5731, 2651, 5675, 2651, 5651, 2571, 5555, 2571, 5475, 2467, 5355, 2411, 5283, 2411, 4963, 2331, 4883, 2211, 4739, 2083, 4595, 1979, 4499, 1851, 4499, 1819, 4379, 1747, 4307, 1683, 4243, 1611, 4107, 1499, 4003, 1467, 3987, 1451, 3883, 1379, 3699, 1331, 3691, 1251, 3627, 1179, 3211, 1075, 2995, 1011, 2875, 942, 2779, 804, 2611, 717, 2603, 654, 2515, 587, 2403, 587, 2299, 583, 2189, 471]"
0Ir1FJhz,True,bullet,60,0,dragan961,DrNykterstein,2300,3124,black,resign,King's Indian Defense: Normal Variation,E70,7,d4 g6 c4 Bg7 Nc3 Nf6 e4 O-O f4 d6 Nf3 e5 fxe5 dxe5 d5 Na6 Be3 Nh5 Bd3 f5 O-O Nf4 a3 Nxd3 Qxd3 f4 Bf2 g5 h3 h5 c5 g4 hxg4 hxg4 c6 gxf3 gxf3 Qg5+ Kh2 Kf7,40,"[6003, 3003, 5979, 2995, 5923, 2995, 5859, 2995, 5795, 2939, 5739, 2819, 5643, 2819, 5587, 2739, 5499, 2595, 5299, 2523, 5011, 2403, 4619, 2299, 4507, 2299, 3979, 2299, 3851, 2195, 3075, 2099, 2971, 2099, 2275, 1963, 2155, 1819, 1803, 1758, 1510]"
JD9cwOBV,True,bullet,60,0,DrNykterstein,HelonosGR,3170,2560,black,outoftime,King's Indian Attack: French Variation,A08,6,Nf3 c5 g3 d5 Bg2 Nc6 O-O g6 d4 cxd4 Nxd4 Bg7 Nb3 Nf6 Nc3 e6 e4 dxe4 Nxe4 Qxd1 Nxf6+ Bxf6 Rxd1 O-O c3 Ne5 Be3 Nc4 Bc5 Re8 Rab1 a5 Nd2 Nxd2 Rxd2 Ra6 Rbd1 Be7 Bxe7 Rxe7 Rd8+ Kg7 Rxc8 Rb6 b3 e5 Bd5 Rd6 c4 Red7 Ra8 b6 Rb8 f5 Re1 e4 f3 exf3 Kf2 g5 Kxf3 Rf6 Ree8 Kh6 Rf8 Rg6 Rxf5 g4+ Kf4 Rdd6 Re8 Rdf6 Re5 Rxf5+ Rxf5 Rg7 Ke5 Rg6 Rf6 Kg7 Rxg6+ Kxg6 a3 Kg7 b4 h6 bxa5 h5 c5 h4 gxh4 g3 hxg3 Kh6 Bc4 Kh5 Kd5 Kh6,98,"[3003, 6003, 3003, 5931, 2883, 5883, 2883, 5827, 2859, 5643, 2859, 5587, 2859, 5451, 2859, 5299, 2803, 5107, 2715, 4947, 2651, 4947, 2603, 4843, 2603, 4539, 2603, 4443, 2491, 4291, 2403, 3635, 2323, 3523, 2323, 3267, 2203, 2947, 1899, 2947, 1843, 2899, 1779, 2843, 1691, 2603, 1571, 2475, 1499, 2307, 1331, 2083, 1251, 1915, 1187, 1811, 1187, 1691, 1187, 1579, 1123, 1475, 1003, 1251, 922, 1051, 823, 998, 753, 853, 646, 759, 646, 687, 607, 634, 587, 579, 504, 579, 438, 573, 343, 573, 329, 568, 240, 568, 223, 561, 111, 499, 111, 427, 48, 427, 18, 427, 0]"
9plEHNLK,True,bullet,60,0,SILVERKNIGHT101,DrNykterstein,2650,3167,black,outoftime,Nimzo-Larsen Attack,A01,1,b3 g6 Bb2 Nf6 Bxf6 exf6 c4 Bg7 Nc3 O-O e3 d6 Nge2 f5 g3 Nd7 Bg2 Nf6 O-O Re8 d4 c6 Qc2 a5 Rad1 g5 d5 c5 Nb5 Qe7 Nec3 h5 Rfe1 h4 e4 f4 Qe2 fxg3 hxg3 hxg3 fxg3 Ng4 Bf3 Ne5 Bg2 Bd7 Rd2 Bg4 Qe3 Rad8 Rf2 f5 exf5 Qf6 Ne4 Qh6 Ref1 Nf7 f6 Bf8 Qd2 Re5 Re1 Rde8 Nbc3 Qg6 Ref1 Bf5 Rxf5 Rxf5 g4 Rf4 Rxf4 gxf4 Qxf4 Bh6 Qf5 Qxf5 gxf5 Be3+ Kf1 Bd4 Ne2 Re5 Nf4 Rxf5 Ke2 Rxf4 Ng3 Bxf6 Ne4 Be5 Bf3 Rxe4+ Bxe4 Ng5 Bf5 b6 Bc8 Kg7 Bb7 Kf6 Bc6 Ne4 Bb5 Nc3+ Kd3 Nxa2 Kc2 Nb4+ Kd2 Kg5 Bc6 Kf4 Bd7 Ke4 Be6 Kd4 Bd7 b5 Be6 bxc4,122,"[6003, 3003, 6003, 2995, 5843, 2995, 5803, 2963, 5763, 2963, 5715, 2955, 5715, 2955, 5675, 2955, 5635, 2955, 5563, 2939, 5539, 2939, 5443, 2899, 5395, 2811, 5347, 2731, 5243, 2571, 5067, 2379, 5011, 2291, 4883, 2147, 4323, 1995, 4323, 1995, 4275, 1955, 4171, 1683, 4115, 1603, 3939, 1499, 3875, 1355, 3827, 1347, 3499, 1203, 3403, 1139, 3059, 998, 2939, 819, 2779, 819, 2587, 819, 2467, 737, 2411, 713, 2075, 713, 1915, 581, 1803, 581, 1763, 568, 1555, 517, 1555, 484, 1483, 484, 1219, 484, 1147, 407, 888, 407, 792, 407, 612, 407, 569, 349, 487, 349, 441, 349, 397, 343, 397, 315, 397, 232, 397, 232, 384, 198, 383, 198, 257, 198, 149, 198, 113, 168, 61, 168, 61, 122, 6, 122, 0]"
oHFOtZq4,True,bullet,60,0,DrNykterstein,IngOscarArdila,3167,2291,white,mate,Hungarian Opening: Indian Defense,A00,2,g3 Nf6 Bg2 g6 Nf3 Bg7 O-O e6 d4 O-O c4 d6 Nc3 Nbd7 e4 e5 h3 exd4 Nxd4 Re8 Re1 Ne5 b3 Nc6 Bb2 Nxd4 Qxd4 Bd7 Nd5 Nh5 Qd2 Bxb2 Qxb2 c6 Ne3 Ng7 Rad1 Ne6 Ng4 f6 Nxf6+ Kf7 e5 d5 cxd5 cxd5 Rxd5 Re7 Red1 Qc7 Rxd7 Rxd7 Rxd7+ Qxd7 Nxd7 Ke7 Qd2 Rd8 Qd6+ Ke8 Qxe6#,61,"[3003, 6003, 3003, 5979, 2931, 5979, 2923, 5947, 2907, 5947, 2891, 5883, 2779, 5883, 2755, 5843, 2651, 5779, 2651, 5763, 2619, 5755, 2483, 5659, 2347, 5563, 2347, 5539, 2267, 5443, 2195, 5299, 2195, 5195, 2067, 5075, 1963, 5019, 1811, 3811, 1675, 3811, 1579, 3531, 1443, 3531, 1395, 3475, 1307, 3259, 1187, 3171, 1187, 3123, 1147, 3027, 998, 3027, 961, 2931, 830]"
r2fwyai2,True,bullet,60,0,K-Georgiev,DrNykterstein,2877,3159,black,resign,Indian Defense,A45,2,d4 Nf6 Nc3 g6 Bf4 d6 Qd2 Bg7 e4 Nc6 Nf3 Bg4 Be2 Bxf3 gxf3 e5 dxe5 dxe5 Be3 Nd4 O-O-O O-O Kb1 Nh5 Nd5 c6 Bxd4 exd4 Nb4 a5 Nd3 Qe7 f4 Nf6 f3 c5 Rhg1 c4 Ne5 c3 Qxd4 cxb2 Qxb2 Nh5 Rd7 Qc5 Qd4 Qxd4 Rxd4 Nxf4 Bc4 Bxe5 Rd7 Rac8 Bd5 Ne2 Rg5 Nc3+ Ka1 Bf6 Rg4 Nxd5+ Kb1 Ne3,64,"[6003, 6003, 6003, 5963, 5859, 5827, 5859, 5787, 5779, 5659, 5667, 5547, 5603, 5419, 5483, 5419, 5323, 5419, 5115, 5347, 4971, 5283, 4851, 5187, 4611, 5091, 4491, 5019, 4291, 4875, 4203, 4859, 4107, 4747, 3971, 4531, 3795, 4443, 3723, 4355, 3651, 4267, 3507, 4067, 3147, 3707, 2523, 3555, 2507, 3555, 2235, 3435, 2123, 3355, 2019, 3235, 1787, 3123, 1683, 3051, 1499, 2923, 1347, 2840, 1071]"
PNKPc00p,True,bullet,60,0,DrNykterstein,Proteuo,3209,2528,black,resign,"English Opening: Agincourt Defense, Neo-Catalan Declined",A14,11,g3 Nf6 Bg2 e6 Nf3 d5 O-O Be7 c4 O-O b3 b6 Bb2 Bb7 cxd5 exd5 Nc3 c5 d4 Nbd7 dxc5 Nxc5 Rc1 Rc8 Nd4 Qd7 b4 Nce4 Nxe4 dxe4 b5 Rfd8 Qb3 Bc5 Nc6 Bxc6 Bxf6 gxf6 bxc6 Qxc6 e3 Qe6 Qxe6 fxe6 Bxe4 f5 Bf3 Kf7 Rc2 Ke7 Rfc1 Rc7 Kg2 a5 Be2 Rcd7 Bb5 Rd2 Kf3 Rxc2 Rxc2 Rd6 g4 Kf6 gxf5 exf5 a4 Ke5 Rc4 Rh6 Rh4 Rxh4,72,"[3003, 6003, 3003, 5899, 3003, 5811, 3003, 5643, 3003, 5555, 3003, 5491, 3003, 5443, 2971, 5339, 2971, 5251, 2899, 5019, 2899, 4923, 2891, 4835, 2843, 4739, 2499, 4539, 2435, 4467, 2435, 4331, 2339, 4251, 2243, 4067, 2203, 3931, 2123, 3867, 2123, 3763, 1899, 3683, 1899, 3619, 1819, 3507, 1731, 3451, 1659, 3395, 1619, 3323, 1619, 3227, 1563, 3139, 1563, 3019, 1563, 2963, 1499, 2875, 1419, 2875, 1331, 2795, 1251, 2723, 1251, 2623, 860]"
ILh7x5lK,True,bullet,60,0,Lelouch_Vi_Brittania,DrNykterstein,2345,3208,black,resign,Modern Defense,B06,4,e4 g6 d4 Bg7 Nf3 d6 Bc4 Nf6 Qe2 O-O O-O Nc6 Rd1 Bg4 e5 Nd7 e6 fxe6 Bxe6+ Bxe6 Qxe6+ Kh8 Nc3 Rxf3 gxf3 Nxd4 Qe4 Nc5 Qe3 Nxc2 Qd2 Nxa1 b3 Naxb3 axb3 Nxb3 Qc2 Nxc1 Rxc1 a5 Nd5 c6 Nf4 Qf8 Ne6 Qxf3 Nxg7 Kxg7 Qb2+ Qf6 Qxb7 Qg5+ Kf1 Qxc1+ Kg2 Qg5+ Kh3 Rf8 f4 Rxf4 Qxe7+ Qxe7,62,"[6003, 3003, 5835, 3003, 5771, 3003, 5715, 2979, 5547, 2907, 5483, 2907, 5299, 2811, 4995, 2667, 4803, 2667, 4707, 2667, 4651, 2659, 4467, 2467, 4355, 2467, 3979, 2395, 3771, 2275, 3619, 2147, 3443, 2019, 3331, 2019, 3267, 1955, 3163, 1931, 3075, 1835, 2915, 1683, 2819, 1563, 2771, 1539, 2619, 1427, 2499, 1339, 2259, 1339, 2235, 1219, 2187, 1187, 1971, 886, 1851, 886, 1677]"
IyFe2k8U,True,blitz,180,0,Gvein,DrNykterstein,2436,3130,black,resign,"English Opening: Symmetrical Variation, Botvinnik System",A36,9,c4 g6 Nc3 Bg7 g3 c5 Bg2 Nc6 e4 d6 Nge2 Nf6 O-O O-O d3 Ne8 f4 Rb8 h3 Nc7 f5 b5 Rb1 Nd4 Kh2 Nxe2 Nxe2 Ba6 Qc2 bxc4 dxc4 Ne8 b3 Nf6 g4 Bb7 Nc3 Nd7 g5 a5 Bf4 Bc6 f6 exf6 Bxd6 fxg5 Bxf8 Qxf8 Nd5 Be5+ Kh1 g4 Qf2 Bxd5 exd5 Bd6 Rbe1 Ne5 Rxe5 Bxe5 Qh4 gxh3 Bxh3 Qd6 Qf2 Rb7 Qf3 Re7 Rg1 Bd4 Rf1 Kg7 Bg2 f5 Bh3 Re3 Qg2 Rg3 Qh2 Be5 Bg2 Rg4 Qh3 Qf6 Qxg4 fxg4 Rxf6 Kxf6 Kg1 h5 Be4 h4 Kg2 h3+ Kh1 g3,96,"[18003, 18003, 17875, 18003, 17803, 17851, 17715, 17819, 17611, 17691, 17443, 17587, 17339, 17531, 17259, 17235, 17147, 17099, 16675, 16947, 16539, 16827, 15107, 15827, 14387, 15643, 13851, 15315, 12843, 13395, 12707, 13275, 11795, 13155, 11299, 12907, 10467, 12787, 9435, 12603, 8899, 12371, 8483, 12171, 8347, 12083, 7483, 11899, 7363, 11715, 7251, 11579, 6875, 11451, 6139, 11123, 5507, 10995, 5283, 10883, 4995, 10627, 4827, 9899, 4643, 9547, 4387, 9275, 4123, 9075, 3923, 8939, 3723, 8755, 3523, 8635, 3451, 8315, 3371, 8171, 3035, 7795, 2899, 7683, 2771, 7523, 2723, 7515, 2579, 7403, 2467, 7323, 2387, 7227, 2323, 7145, 2158]"
FdVI4HR4,True,blitz,180,2,WowFlow,DrNykterstein,3065,3115,black,resign,"Queen's Pawn Game: Accelerated London System, Steinitz Countergambit",D00,4,d4 d5 Bf4 c5 e3 cxd4 exd4 Nc6 c3 f6 Nf3 g5 Bg3 Nh6 Bd3 Bf5 Qc2 Qd7 Nbd2 Bxd3 Qxd3 Nf5 O-O-O h5 h3 O-O-O Bh2 g4 Ne1 e5 dxe5 fxe5 Nc2 Bh6 Kb1 Rhf8 Nb3 Nfe7 Bg3 Bf4 Nc5 Qf5 Qb5 b6 Qa6+ Kc7 Qb7+ Kd6 Na6 Rd7 Nc7 Rxc7 Qa6 Rd7 c4 Kc7 Rhe1 Qxc2+ Kxc2 Nb4+,60,"[18003, 18003, 18059, 18075, 18147, 18187, 18235, 18347, 18347, 18451, 18411, 18315, 18155, 18387, 18019, 18187, 17211, 17995, 17011, 17795, 17211, 17787, 16379, 14651, 15331, 14515, 15283, 14443, 15083, 14499, 14699, 14563, 14379, 14643, 14035, 14251, 13379, 14035, 12243, 13611, 7699, 13411, 6667, 13515, 5523, 13595, 4243, 13683, 2555, 13483, 1387, 13451, 1539, 13443, 1491, 13331, 1027, 13395, 989, 13492, 708]"
NOH9m1vV,True,bullet,60,0,penguingim1,DrNykterstein,3073,3217,white,resign,Queen's Pawn Game: Modern Defense,A40,2,d4 g6 c4 Bg7 Nc3 Nf6 Bh6 O-O Bxg7 Kxg7 h4 d5 h5 dxc4 Qd2 Rh8 h6+ Kf8 e4 c5 d5 e6 Nf3 exd5 e5 Ng4 Nxd5 Nc6 Bxc4 Be6 O-O-O Ngxe5 Nxe5 Nxe5 Bb3 c4 Qb4+ Ke8 Ba4+ Nc6 Rhe1 Qg5+ f4,43,"[3003, 3003, 2939, 3003, 2931, 2971, 2915, 2963, 2915, 2899, 2915, 2867, 2915, 2835, 2891, 2691, 2811, 2611, 2811, 2579, 2755, 2523, 2755, 2515, 2715, 2395, 2635, 2363, 2579, 2363, 2475, 2291, 2475, 2259, 2427, 2171, 2387, 2003, 2347, 1867, 2211, 1739, 2143, 1443]"
DlnKVdID,True,bullet,60,0,MatthewG-p4p,DrNykterstein,3050,3213,black,resign,Bird Opening,A02,1,f4 g6 Nf3 Bg7 g3 d5 d3 Nf6 Bg2 O-O O-O c5 Nc3 Nc6 e4 d4 Na4 e5 Nxc5 Ng4 Qe2 b6 Nb3 a5 a4 Be6 f5 Bxb3 cxb3 Ne3 Bxe3 dxe3 Qxe3 Rc8 Rad1 Nb4 g4 Nc2 Qf2 Bh6 Kh1 Ne3 Nxe5 Nxd1 Rxd1 Bg7 Nf3 Re8 g5 Rxe4 f6 Bf8 d4 Qd6 Rf1 Rce8 h4 Re2 Qg1 R8e3 Qh2 Qd5 h5 Qf5 Qg3 Rxb3 hxg6 hxg6 Bh3 Qe4 Bg2 Rbxb2 Nh4 Qxd4 Rf4 Qd1+ Rf1 Qd4 Rf4 Qd2 Nxg6 Rxg2,82,"[6003, 6003, 5963, 6003, 5955, 5947, 5915, 5947, 5891, 5947, 5851, 5947, 5763, 5947, 5699, 5867, 5635, 5867, 5595, 5643, 5355, 5483, 5283, 5451, 5163, 5107, 4995, 5019, 4995, 4963, 4891, 4963, 4891, 4843, 4747, 4763, 4323, 4699, 4235, 4643, 3843, 4571, 3555, 4403, 3555, 4315, 3371, 4147, 3283, 4027, 3179, 3979, 2987, 3915, 2811, 3795, 2715, 3675, 2691, 3579, 2619, 3371, 2491, 3179, 2363, 3003, 2275, 2987, 2187, 2883, 2163, 2787, 2059, 2579, 1675, 2411, 1643, 2259, 1563, 2195, 1395, 2042, 1037]"
R3QuS4LL,True,bullet,60,0,DrNykterstein,penguingim1,3209,3075,white,resign,Ruy Lopez: Fianchetto Defense,C60,6,e4 e5 Nf3 Nc6 Bb5 g6 O-O Bg7 c3 a6 Ba4 b5 Bc2 Nf6 d4 d6 dxe5 Nxe5 Nxe5 dxe5 Qxd8+ Kxd8 a4 Bb7 f3 Nd7 Be3 h5 Nd2 Bh6 Bxh6 Rxh6 Rfd1 Ke7 Nb3 Rhh8 Na5 Rab8 axb5 axb5 b4 Rhd8 Kf2 Nb6 Rxd8 Kxd8 Bb3 Ke7 Ke3 Ba8 h4 f5 Bc2 f4+ Ke2 Rg8 Bd3 g5 hxg5 Rxg5 Kf2 c6 Nb3 Bb7 Ra7,65,"[6003, 6003, 5955, 5971, 5931, 5939, 5843, 5915, 5811, 5875, 5771, 5843, 5675, 5763, 5675, 5723, 5603, 5723, 5499, 5723, 5435, 5723, 5395, 5651, 5339, 5515, 5275, 5403, 5267, 5347, 5195, 5347, 5139, 5299, 5139, 5251, 5051, 5051, 4963, 5051, 4939, 4939, 4835, 4843, 4747, 4835, 4675, 4739, 4635, 4635, 4523, 4595, 4371, 4547, 4299, 4491, 4251, 4331, 4139, 4331, 4115, 4275, 4019, 4179, 3952, 4126]"
U4XRlo1O,True,bullet,60,0,KontraJaKO,DrNykterstein,3119,3205,black,mate,"Nimzowitsch Defense: Scandinavian Variation, Exchange Variation",B00,6,e4 Nc6 d4 d5 exd5 Qxd5 Nf3 e5 c4 Bb4+ Nc3 Qe4+ Be2 exd4 a3 Bxc3+ bxc3 d3 Qxd3 Qxd3 Bxd3 Be6 O-O O-O-O Be2 Nf6 Bg5 Rhe8 Rfe1 h6 Bxf6 gxf6 Bf1 Na5 c5 Nb3 Rab1 Nxc5 Nd4 Bd7 Red1 c6 h3 Ne4 Rbc1 c5 Nc2 Nxc3 Rd3 Ne4 Ne3 b6 Nc4 Be6 Re3 f5 Ne5 Kc7 Nd3 Bc8 Nf4 Bb7 Rce1 Nf6 Bc4 Rxe3 fxe3 Rd7 Bd3 Bc6 Bxf5 Rd2 e4 c4 e5 Nd7 e6 fxe6 Nxe6+ Kd6 Nf4 Nc5 Rc1 b5 Re1 Nd3 Bxd3 cxd3 Re3 Rd1+ Kf2 a5 Nxd3 Rd2+ Ke1 Rxg2 h4 Rg4 Nf2 Rxh4 Rd3+ Kc5 Rc3+ Rc4 Rh3 Bd5 Kd2 Rd4+ Ke3 b4 axb4+ axb4 Nd3+ Kc4 Ne5+ Kc3 Ke2+ Kc2 Rh5 b3 Kf2 b2 Nf3 b1=Q Nxd4+ Kd3 Ne2 Qa2 Rh3+ Kd2 Re3 Qa7 Nf4 Qxe3+ Kf1 Qxf4+ Kg1 Qg3+ Kf1 Qg2#,140,"[6003, 6003, 5947, 5915, 5867, 5915, 5835, 5843, 5747, 5723, 5643, 5595, 5499, 5547, 5307, 5283, 5251, 5187, 5163, 5147, 5163, 5075, 5059, 5075, 5019, 5003, 4939, 4955, 4899, 4843, 4795, 4843, 4771, 4771, 4611, 4707, 4451, 4627, 4451, 4523, 4355, 4419, 4115, 4339, 4067, 4267, 3915, 4083, 3731, 3931, 3683, 3867, 3467, 3683, 3355, 3515, 3267, 3355, 3171, 3203, 3123, 3155, 3043, 3003, 2955, 2923, 2923, 2819, 2827, 2411, 2739, 2379, 2619, 2339, 2523, 2307, 2459, 2307, 2427, 2275, 2371, 2211, 2283, 2147, 2203, 2075, 2115, 2075, 2075, 1931, 1971, 1723, 1891, 1651, 1747, 1651, 1635, 1555, 1475, 1459, 1435, 1411, 1403, 1371, 1363, 1371, 1179, 1219, 1139, 1211, 1003, 1211, 918, 1155, 788, 1027, 723, 921, 534, 798, 477, 719, 460, 696, 376, 696, 375, 546, 375, 484, 375, 399, 284, 399, 236, 328, 236, 274, 236, 274]"
CjNfGKGP,True,bullet,60,0,DrNykterstein,mutdpro,3201,3053,white,resign,Four Knights Game: Scotch Variation Accepted,C47,8,e4 Nf6 Nc3 e5 Nf3 Nc6 d4 exd4 Nxd4 Bb4 Nxc6 bxc6 Bd3 d5 exd5 cxd5 O-O O-O Bg5 c6 Qf3 h6 Bf4 Bd6 h3 Rb8 b3 Rb4 Bxd6 Qxd6 Rae1 Bd7 Qg3 Qxg3 fxg3 Rbb8 Na4 Rfe8 Nc5 Rxe1 Rxe1 Kf8 Kf2 Re8 Rxe8+ Kxe8 Ke3 Ke7 Kd4 Kd6 c4 Bc8 b4 Nh5 cxd5 cxd5 g4 Nf4 Bf1 Ne6+ Nxe6 fxe6 a4 e5+ Kc3 Bd7 a5 d4+ Kd2 e4 Bc4 Bc6 g3 Bd7 Ba6 g5 Bc4 Ke5 b5 Kd6 b6 axb6 axb6 Kc6 Bb5+ Kxb6 Bxd7 Kc5 Bf5 Kd5 Kc2 Ke5 Kb3 Kd5 Kb4 Ke5 Kc4 d3 Kc3 Kd5 Bc8 Ke5 Bb7 d2 Kxd2 Kd4 Ke2,107,"[6003, 6003, 5931, 5931, 5843, 5891, 5803, 5891, 5779, 5851, 5699, 5851, 5667, 5803, 5667, 5803, 5619, 5771, 5531, 5651, 5427, 5611, 5203, 5531, 5115, 5483, 4899, 5435, 4827, 5435, 4763, 5363, 4523, 5243, 4523, 5195, 4435, 5131, 4251, 5083, 4251, 5003, 4195, 4835, 4083, 4771, 4083, 4715, 4083, 4675, 4051, 4627, 3931, 4395, 3755, 4323, 3683, 4275, 3595, 4235, 3475, 4235, 3419, 4187, 3387, 4107, 3259, 4051, 3203, 3979, 3019, 3715, 2915, 3603, 2571, 3539, 2451, 3443, 2371, 3395, 2259, 3355, 2259, 3211, 2083, 2915, 2083, 2915, 2027, 2867, 1987, 2827, 1955, 2779, 1883, 2739, 1803, 2651, 1731, 2627, 1539, 2251, 1499, 2211, 1411, 2211, 1410, 2042]"
XtuFvvee,True,bullet,60,0,SSJGSSJ,DrNykterstein,2714,3200,black,resign,Zukertort Opening: Kingside Fianchetto,A04,2,Nf3 g6 g3 Bg7 Bg2 Nf6 O-O O-O c4 d5 cxd5 Nxd5 Nc3 Nb6 d3 Nc6 Be3 e5 Qd2 Re8 Bh6 Nd4 Bxg7 Kxg7 e3 Nxf3+ Bxf3 c6 Rad1 Bf5 d4 exd4 Qxd4+ Qxd4 Rxd4 Rad8 Rfd1 Rxd4 Rxd4 h5 a4 a5 b4 Ra8 b5 Rc8 bxc6 bxc6 Rd6 Bd7 h4 Rc7 Bd1 Nc4 Rd4 Be6 Ne4 c5 Rd8 Nb2 Bc2 Bf5 f3 c4 Rd2 c3 Rf2 Bxe4 Bxe4 Nxa4 Ra2 Nc5 Bc2 Na6 Rxa5 Nb4 Bb3 c2 Bxc2 Rxc2 e4 Nd3 Ra3 Rd2 Kf1 Rf2+ Kg1 Rxf3 Kg2 Ne1+,90,"[6003, 6003, 5995, 5963, 5947, 5963, 5907, 5963, 5859, 5963, 5859, 5891, 5859, 5875, 5803, 5875, 5771, 5819, 5731, 5787, 5691, 5739, 5611, 5739, 5283, 5667, 5283, 5643, 5203, 5603, 5139, 5603, 5099, 5539, 5099, 5467, 5019, 5427, 5019, 5339, 4931, 5227, 4835, 5147, 4667, 4947, 4563, 4947, 4451, 4643, 4115, 4571, 3819, 4475, 3699, 4379, 3579, 4283, 3435, 4187, 3355, 4139, 3211, 4059, 2947, 3987, 2907, 3883, 2763, 3715, 2691, 3627, 2555, 3523, 2387, 3523, 2315, 3499, 2275, 3475, 2267, 3395, 2107, 3251, 2003, 3147, 1931, 3147, 1883, 3095, 1747]"
lc8fR5aZ,True,bullet,60,0,DrNykterstein,PavelMart,3199,2733,white,resign,King's Indian Attack,A07,3,Nf3 d5 g3 e6 Bg2 c5 O-O Nc6 d3 Nf6 e4 dxe4 dxe4 Qxd1 Rxd1 Nxe4 Na3 a6 Nc4 b5 Nfe5 Nxe5 Bxe4 Nxc4 Bxa8 Be7 Bc6+ Kf8 b3 Nb6 Bf4 f6 a4 b4 a5 Nd5 Bxd5 exd5 Rxd5 Be6 Rd2 Kf7 Bd6 Rd8 Rad1 Rc8 Bxe7 Kxe7 Re1 c4 f4 Rc6 f5,53,"[6003, 6003, 6003, 5955, 6003, 5915, 6003, 5875, 5995, 5819, 5995, 5747, 5923, 5707, 5915, 5651, 5827, 5491, 5683, 5011, 5603, 4443, 5539, 4387, 5451, 4331, 5307, 4243, 5307, 4155, 5163, 3667, 5075, 3571, 4987, 3491, 4939, 3491, 4867, 3491, 4771, 3491, 4691, 3291, 4659, 2891, 4531, 2891, 4395, 2891, 4291, 2891, 4175, 2795]"
